Database of Origin,CSIRO National Virtual Core Library
Sample Description,See CSIRO Mineral Spectal Library for additional information
Date Added,2018-09-07 18:36:03.010853

Data ID,Albite_2_MIT_M1280  
Sample ID,M1280
Mineral Name,Albite
Locality,USA

Wavelength
691.0,0.61339545
692.0,0.613685861
693.0,0.613962891
694.0,0.614246172
695.0,0.614558127
696.0,0.614885954
697.0,0.615203567
698.0,0.615506195
699.0,0.615835661
700.0,0.616154229
701.0,0.616443673
702.0,0.61671056
703.0,0.617038921
704.0,0.617350694
705.0,0.617656232
706.0,0.618030775
707.0,0.618342669
708.0,0.618644904
709.0,0.61898121
710.0,0.619324545
711.0,0.619647164
712.0,0.619967403
713.0,0.620304352
714.0,0.620597586
715.0,0.620941347
716.0,0.621298921
717.0,0.621549692
718.0,0.621874367
719.0,0.622211235
720.0,0.622520253
721.0,0.622861883
722.0,0.623166482
723.0,0.623471267
724.0,0.623819573
725.0,0.624146825
726.0,0.624493969
727.0,0.624834069
728.0,0.625105864
729.0,0.625378098
730.0,0.625673773
731.0,0.625991128
732.0,0.62630194
733.0,0.626612254
734.0,0.626903173
735.0,0.627171182
736.0,0.627481305
737.0,0.62776056
738.0,0.628028455
739.0,0.628346751
740.0,0.628681165
741.0,0.629013961
742.0,0.629325541
743.0,0.629596362
744.0,0.629929746
745.0,0.630269375
746.0,0.630567845
747.0,0.630894967
748.0,0.631224903
749.0,0.631551167
750.0,0.631874909
751.0,0.63220556
752.0,0.632500352
753.0,0.632782096
754.0,0.633122856
755.0,0.63340369
756.0,0.633670723
757.0,0.633961572
758.0,0.634246122
759.0,0.634555404
760.0,0.634868631
761.0,0.635160411
762.0,0.635452797
763.0,0.635721799
764.0,0.635991799
765.0,0.636300296
766.0,0.636532669
767.0,0.636797694
768.0,0.637109731
769.0,0.637346701
770.0,0.637639932
771.0,0.637931457
772.0,0.638170363
773.0,0.638416464
774.0,0.638714367
775.0,0.639014904
776.0,0.639254577
777.0,0.63949186
778.0,0.639766518
779.0,0.640063771
780.0,0.64032962
781.0,0.640554531
782.0,0.640823257
783.0,0.641132087
784.0,0.641337988
785.0,0.641560906
786.0,0.64180972
787.0,0.642063648
788.0,0.642299464
789.0,0.642526979
790.0,0.642749713
791.0,0.642975729
792.0,0.643251661
793.0,0.643482675
794.0,0.643690352
795.0,0.643975746
796.0,0.64421565
797.0,0.644423895
798.0,0.644630919
799.0,0.644862787
800.0,0.645058695
801.0,0.645269757
802.0,0.645519618
803.0,0.645684747
804.0,0.645894065
805.0,0.646136544
806.0,0.646355948
807.0,0.646551561
808.0,0.646764794
809.0,0.6469873
810.0,0.647180204
811.0,0.647357473
812.0,0.647559934
813.0,0.647778601
814.0,0.647947212
815.0,0.64809576
816.0,0.648281965
817.0,0.648502203
818.0,0.648620704
819.0,0.648752172
820.0,0.648915821
821.0,0.649098585
822.0,0.64928361
823.0,0.649458062
824.0,0.649618779
825.0,0.649769127
826.0,0.649909088
827.0,0.650051234
828.0,0.65019386
829.0,0.65032617
830.0,0.650480081
831.0,0.650621023
832.0,0.650738901
833.0,0.650865515
834.0,0.651018271
835.0,0.651156308
836.0,0.651256359
837.0,0.65135308
838.0,0.651467201
839.0,0.651581107
840.0,0.651680974
841.0,0.651808624
842.0,0.651932519
843.0,0.652036266
844.0,0.652117986
845.0,0.652207033
846.0,0.652291212
847.0,0.652379074
848.0,0.652489544
849.0,0.652605531
850.0,0.652693802
851.0,0.65277014
852.0,0.652891193
853.0,0.652971245
854.0,0.653052033
855.0,0.653145861
856.0,0.653196035
857.0,0.653289222
858.0,0.653386851
859.0,0.653456706
860.0,0.653542035
861.0,0.653608
862.0,0.653649596
863.0,0.653686765
864.0,0.65378968
865.0,0.653841622
866.0,0.653868708
867.0,0.65393243
868.0,0.653974578
869.0,0.654042774
870.0,0.654129683
871.0,0.654203321
872.0,0.654287707
873.0,0.654389785
874.0,0.65446341
875.0,0.654454161
876.0,0.654545966
877.0,0.654585686
878.0,0.654568959
879.0,0.654659198
880.0,0.654782811
881.0,0.65484919
882.0,0.654867784
883.0,0.654969196
884.0,0.655047842
885.0,0.65512605
886.0,0.655211113
887.0,0.655250187
888.0,0.655294387
889.0,0.655371343
890.0,0.65546673
891.0,0.655496644
892.0,0.65554151
893.0,0.655650521
894.0,0.65580055
895.0,0.65581306
896.0,0.6558028
897.0,0.655853573
898.0,0.655973082
899.0,0.655965948
900.0,0.656003269
901.0,0.656106262
902.0,0.656222307
903.0,0.656272385
904.0,0.656282949
905.0,0.656311279
906.0,0.656388373
907.0,0.65636948
908.0,0.656455754
909.0,0.656591543
910.0,0.656621665
911.0,0.656653105
912.0,0.656662029
913.0,0.656703384
914.0,0.656833518
915.0,0.656850922
916.0,0.656922371
917.0,0.657026417
918.0,0.657048201
919.0,0.657192263
920.0,0.65728436
921.0,0.65731942
922.0,0.657415272
923.0,0.657527684
924.0,0.657552223
925.0,0.657553223
926.0,0.657683306
927.0,0.657754064
928.0,0.657825343
929.0,0.657901921
930.0,0.6579356
931.0,0.65794083
932.0,0.657980314
933.0,0.658034702
934.0,0.658036041
935.0,0.658088936
936.0,0.658197001
937.0,0.658322235
938.0,0.658400936
939.0,0.658370392
940.0,0.658390869
941.0,0.658454849
942.0,0.658434751
943.0,0.658490673
944.0,0.65847947
945.0,0.658368909
946.0,0.658233297
947.0,0.658083646
948.0,0.657977131
949.0,0.657897956
950.0,0.657779847
951.0,0.657600185
952.0,0.657483753
953.0,0.657364329
954.0,0.657104929
955.0,0.65693846
956.0,0.656850634
957.0,0.656760132
958.0,0.6566058
959.0,0.65657771
960.0,0.656604802
961.0,0.656602779
962.0,0.656556476
963.0,0.656724933
964.0,0.65693974
965.0,0.657140614
966.0,0.65736876
967.0,0.65779258
968.0,0.658311806
969.0,0.658841959
970.0,0.659323396
971.0,0.659749634
972.0,0.660129759
973.0,0.6604939
974.0,0.66085254
975.0,0.661151805
976.0,0.661370696
977.0,0.661519522
978.0,0.661675868
979.0,0.662007569
980.0,0.662124245
981.0,0.662191748
982.0,0.662376864
983.0,0.662608226
984.0,0.662684456
985.0,0.662658189
986.0,0.662689917
987.0,0.662939319
988.0,0.662980439
989.0,0.663116316
990.0,0.663404254
991.0,0.663596986
992.0,0.663752456
993.0,0.663904586
994.0,0.66402165
995.0,0.664071342
996.0,0.664270182
997.0,0.664300946
998.0,0.664265593
999.0,0.664424779
1000.0,0.664722991
1001.0,0.664370949
1002.0,0.664388518
1003.0,0.664389761
1004.0,0.664416843
1005.0,0.664354051
1006.0,0.66435502
1007.0,0.664415564
1008.0,0.664441486
1009.0,0.664449997
1010.0,0.664495037
1011.0,0.664495352
1012.0,0.664490774
1013.0,0.664487321
1014.0,0.664439361
1015.0,0.664456095
1016.0,0.664452017
1017.0,0.664400152
1018.0,0.664424503
1019.0,0.664444406
1020.0,0.664451305
1021.0,0.664448361
1022.0,0.664460829
1023.0,0.66444139
1024.0,0.664426548
1025.0,0.664402968
1026.0,0.664395495
1027.0,0.664383391
1028.0,0.664362357
1029.0,0.66439285
1030.0,0.664425046
1031.0,0.664447246
1032.0,0.664453226
1033.0,0.664427963
1034.0,0.664443392
1035.0,0.664502324
1036.0,0.664542875
1037.0,0.664606731
1038.0,0.664655789
1039.0,0.664668967
1040.0,0.664644764
1041.0,0.664640015
1042.0,0.664658697
1043.0,0.664627977
1044.0,0.664606378
1045.0,0.664644439
1046.0,0.66467842
1047.0,0.66471218
1048.0,0.664754007
1049.0,0.664777167
1050.0,0.66480277
1051.0,0.66480635
1052.0,0.664829336
1053.0,0.664883489
1054.0,0.66489806
1055.0,0.664850838
1056.0,0.664838897
1057.0,0.664813804
1058.0,0.664777709
1059.0,0.664834848
1060.0,0.664863079
1061.0,0.664837277
1062.0,0.664896702
1063.0,0.664930515
1064.0,0.664868899
1065.0,0.664810733
1066.0,0.664752569
1067.0,0.664649181
1068.0,0.664526958
1069.0,0.664486175
1070.0,0.664464124
1071.0,0.66443207
1072.0,0.664415703
1073.0,0.66436828
1074.0,0.664338625
1075.0,0.664316123
1076.0,0.66419658
1077.0,0.664072812
1078.0,0.664005877
1079.0,0.663937556
1080.0,0.663873435
1081.0,0.663903183
1082.0,0.663855535
1083.0,0.663754956
1084.0,0.663662856
1085.0,0.66357369
1086.0,0.663448176
1087.0,0.663356988
1088.0,0.663267953
1089.0,0.663203205
1090.0,0.663162561
1091.0,0.663086403
1092.0,0.663018948
1093.0,0.662947021
1094.0,0.662846255
1095.0,0.662763259
1096.0,0.662714051
1097.0,0.662626247
1098.0,0.662522159
1099.0,0.662409703
1100.0,0.662279197
1101.0,0.662168511
1102.0,0.662091277
1103.0,0.662002095
1104.0,0.661935808
1105.0,0.661849408
1106.0,0.661757341
1107.0,0.661722188
1108.0,0.661641152
1109.0,0.661554553
1110.0,0.661465009
1111.0,0.661322054
1112.0,0.661227541
1113.0,0.661180535
1114.0,0.661096711
1115.0,0.660999724
1116.0,0.660939509
1117.0,0.660849049
1118.0,0.660763652
1119.0,0.660718626
1120.0,0.660648005
1121.0,0.660584124
1122.0,0.66055757
1123.0,0.660524405
1124.0,0.660495286
1125.0,0.66043688
1126.0,0.660335665
1127.0,0.660282186
1128.0,0.660217704
1129.0,0.660176826
1130.0,0.660204763
1131.0,0.660186548
1132.0,0.660137853
1133.0,0.66011554
1134.0,0.660090822
1135.0,0.660034737
1136.0,0.660034912
1137.0,0.660026434
1138.0,0.660004406
1139.0,0.660009957
1140.0,0.65998546
1141.0,0.659927418
1142.0,0.659905331
1143.0,0.6599016
1144.0,0.659858019
1145.0,0.659799869
1146.0,0.659765481
1147.0,0.659733701
1148.0,0.659682504
1149.0,0.659640841
1150.0,0.659578822
1151.0,0.659516136
1152.0,0.659493397
1153.0,0.659513765
1154.0,0.659529197
1155.0,0.65950697
1156.0,0.659451647
1157.0,0.659432616
1158.0,0.659431603
1159.0,0.659406217
1160.0,0.659387289
1161.0,0.659362659
1162.0,0.659304096
1163.0,0.659255763
1164.0,0.659243477
1165.0,0.659197188
1166.0,0.659114062
1167.0,0.659047866
1168.0,0.659021793
1169.0,0.65896289
1170.0,0.658904191
1171.0,0.658862948
1172.0,0.65881501
1173.0,0.658778386
1174.0,0.658733757
1175.0,0.658707343
1176.0,0.658673131
1177.0,0.658626245
1178.0,0.658571011
1179.0,0.658514489
1180.0,0.65847154
1181.0,0.658406084
1182.0,0.65836966
1183.0,0.658379047
1184.0,0.658361256
1185.0,0.658333129
1186.0,0.658317733
1187.0,0.658290111
1188.0,0.658250452
1189.0,0.658223221
1190.0,0.658193357
1191.0,0.658149641
1192.0,0.658107456
1193.0,0.658059075
1194.0,0.657982222
1195.0,0.65794216
1196.0,0.65792959
1197.0,0.657901806
1198.0,0.657883385
1199.0,0.657868813
1200.0,0.657840237
1201.0,0.65781699
1202.0,0.657822518
1203.0,0.657799945
1204.0,0.657752806
1205.0,0.65771944
1206.0,0.657681558
1207.0,0.657655324
1208.0,0.657655623
1209.0,0.657650546
1210.0,0.657625588
1211.0,0.657596275
1212.0,0.657549379
1213.0,0.657466498
1214.0,0.657422049
1215.0,0.657395474
1216.0,0.657347883
1217.0,0.657310106
1218.0,0.657258733
1219.0,0.657173674
1220.0,0.657111826
1221.0,0.657075155
1222.0,0.657016741
1223.0,0.656961419
1224.0,0.656881472
1225.0,0.656784162
1226.0,0.656715737
1227.0,0.656644525
1228.0,0.656580231
1229.0,0.656510793
1230.0,0.656449173
1231.0,0.656362363
1232.0,0.656251277
1233.0,0.656170371
1234.0,0.656095945
1235.0,0.656017102
1236.0,0.655966301
1237.0,0.655878058
1238.0,0.655735949
1239.0,0.655647558
1240.0,0.655571613
1241.0,0.655501696
1242.0,0.65545787
1243.0,0.655425049
1244.0,0.655400948
1245.0,0.655366872
1246.0,0.655378033
1247.0,0.655376629
1248.0,0.655351475
1249.0,0.655345442
1250.0,0.655357585
1251.0,0.655384575
1252.0,0.655406447
1253.0,0.655449795
1254.0,0.65547877
1255.0,0.655489766
1256.0,0.655514726
1257.0,0.655559293
1258.0,0.655582559
1259.0,0.655598605
1260.0,0.655612434
1261.0,0.655625441
1262.0,0.655615457
1263.0,0.655592254
1264.0,0.6555691
1265.0,0.655529003
1266.0,0.655484297
1267.0,0.655427883
1268.0,0.655390771
1269.0,0.655357308
1270.0,0.655277575
1271.0,0.655215976
1272.0,0.655163958
1273.0,0.655099412
1274.0,0.655023499
1275.0,0.654945878
1276.0,0.654853167
1277.0,0.654784282
1278.0,0.654736315
1279.0,0.654656325
1280.0,0.654588872
1281.0,0.654491084
1282.0,0.65432905
1283.0,0.654215208
1284.0,0.65413891
1285.0,0.654022678
1286.0,0.653900422
1287.0,0.653775922
1288.0,0.653620563
1289.0,0.653467146
1290.0,0.653352602
1291.0,0.653236972
1292.0,0.653095948
1293.0,0.652929122
1294.0,0.65275429
1295.0,0.652548018
1296.0,0.652349208
1297.0,0.652161638
1298.0,0.651934894
1299.0,0.65168398
1300.0,0.651420875
1301.0,0.651132674
1302.0,0.650839867
1303.0,0.650538464
1304.0,0.650228667
1305.0,0.649899396
1306.0,0.649575906
1307.0,0.649246595
1308.0,0.648922357
1309.0,0.648612458
1310.0,0.648289195
1311.0,0.647964973
1312.0,0.647631156
1313.0,0.647284922
1314.0,0.646936755
1315.0,0.646593248
1316.0,0.646265986
1317.0,0.645941686
1318.0,0.645628796
1319.0,0.645316821
1320.0,0.645021125
1321.0,0.644697454
1322.0,0.644344498
1323.0,0.644051175
1324.0,0.643776487
1325.0,0.643488618
1326.0,0.643218209
1327.0,0.642979687
1328.0,0.642737986
1329.0,0.642507072
1330.0,0.642309271
1331.0,0.642127586
1332.0,0.641956636
1333.0,0.641773443
1334.0,0.641608814
1335.0,0.641455626
1336.0,0.641298338
1337.0,0.641129074
1338.0,0.641002914
1339.0,0.64083056
1340.0,0.640618542
1341.0,0.640396329
1342.0,0.640148031
1343.0,0.639902651
1344.0,0.639570147
1345.0,0.639198975
1346.0,0.638777834
1347.0,0.638273711
1348.0,0.637800263
1349.0,0.637327318
1350.0,0.63679782
1351.0,0.636222932
1352.0,0.635682703
1353.0,0.63510174
1354.0,0.634555727
1355.0,0.634017056
1356.0,0.63353772
1357.0,0.633088313
1358.0,0.632644014
1359.0,0.632234465
1360.0,0.631859232
1361.0,0.631478399
1362.0,0.631143033
1363.0,0.630908845
1364.0,0.630619856
1365.0,0.6303593
1366.0,0.63003187
1367.0,0.629722019
1368.0,0.629290777
1369.0,0.628792286
1370.0,0.628225183
1371.0,0.627505131
1372.0,0.62669266
1373.0,0.625698901
1374.0,0.624579276
1375.0,0.6232891
1376.0,0.62181487
1377.0,0.620271237
1378.0,0.618580071
1379.0,0.616819151
1380.0,0.614921439
1381.0,0.613031264
1382.0,0.61104901
1383.0,0.609081093
1384.0,0.607111403
1385.0,0.605112213
1386.0,0.603080654
1387.0,0.60103418
1388.0,0.598968005
1389.0,0.596879259
1390.0,0.594748348
1391.0,0.592630477
1392.0,0.590451811
1393.0,0.588356586
1394.0,0.586229675
1395.0,0.584229373
1396.0,0.582290905
1397.0,0.580451712
1398.0,0.578715026
1399.0,0.577057191
1400.0,0.575450368
1401.0,0.57400251
1402.0,0.572581271
1403.0,0.571248117
1404.0,0.569936335
1405.0,0.568646697
1406.0,0.567506471
1407.0,0.566348468
1408.0,0.565550906
1409.0,0.564846411
1410.0,0.564623011
1411.0,0.564622276
1412.0,0.565173279
1413.0,0.566107257
1414.0,0.567554193
1415.0,0.569548471
1416.0,0.57182748
1417.0,0.574724575
1418.0,0.577539671
1419.0,0.580757177
1420.0,0.583746304
1421.0,0.586888319
1422.0,0.589705413
1423.0,0.592486515
1424.0,0.594904117
1425.0,0.597054004
1426.0,0.598950832
1427.0,0.600522732
1428.0,0.601948467
1429.0,0.603108376
1430.0,0.604156946
1431.0,0.604989732
1432.0,0.60576348
1433.0,0.606384604
1434.0,0.606956483
1435.0,0.607425483
1436.0,0.607872101
1437.0,0.608253212
1438.0,0.608605475
1439.0,0.608916886
1440.0,0.609194083
1441.0,0.609446722
1442.0,0.609646951
1443.0,0.609856391
1444.0,0.610053867
1445.0,0.610238524
1446.0,0.610410438
1447.0,0.610566142
1448.0,0.610699558
1449.0,0.610841589
1450.0,0.610979771
1451.0,0.611102039
1452.0,0.611218954
1453.0,0.611332421
1454.0,0.611433374
1455.0,0.611522905
1456.0,0.611597345
1457.0,0.61169541
1458.0,0.611799671
1459.0,0.611882656
1460.0,0.611968448
1461.0,0.612060812
1462.0,0.612119443
1463.0,0.612213189
1464.0,0.612344306
1465.0,0.61246732
1466.0,0.612579261
1467.0,0.612721573
1468.0,0.612889601
1469.0,0.613054653
1470.0,0.613225253
1471.0,0.613418809
1472.0,0.613623582
1473.0,0.61383486
1474.0,0.614073882
1475.0,0.614309807
1476.0,0.614547676
1477.0,0.614784517
1478.0,0.615028854
1479.0,0.615269181
1480.0,0.615513209
1481.0,0.615743218
1482.0,0.615958906
1483.0,0.616179715
1484.0,0.616411847
1485.0,0.616632239
1486.0,0.616853713
1487.0,0.617083284
1488.0,0.617315949
1489.0,0.617542347
1490.0,0.617766357
1491.0,0.618014972
1492.0,0.618210832
1493.0,0.618360778
1494.0,0.618557884
1495.0,0.618756033
1496.0,0.618945225
1497.0,0.619161919
1498.0,0.619345534
1499.0,0.619493506
1500.0,0.619658899
1501.0,0.619835899
1502.0,0.619988098
1503.0,0.620127407
1504.0,0.620264691
1505.0,0.620389621
1506.0,0.620511203
1507.0,0.620630025
1508.0,0.620741156
1509.0,0.620847971
1510.0,0.62094165
1511.0,0.621019526
1512.0,0.621106056
1513.0,0.62118574
1514.0,0.621266773
1515.0,0.621349626
1516.0,0.621438079
1517.0,0.621520642
1518.0,0.621613405
1519.0,0.62171748
1520.0,0.62182509
1521.0,0.621943908
1522.0,0.62205286
1523.0,0.622167399
1524.0,0.622269761
1525.0,0.622349848
1526.0,0.622449247
1527.0,0.622561577
1528.0,0.622661232
1529.0,0.62277505
1530.0,0.622864592
1531.0,0.62292371
1532.0,0.622994628
1533.0,0.623073114
1534.0,0.623129905
1535.0,0.623169016
1536.0,0.623219314
1537.0,0.623269656
1538.0,0.623302394
1539.0,0.623330137
1540.0,0.623364447
1541.0,0.623383031
1542.0,0.623401227
1543.0,0.623439831
1544.0,0.623461044
1545.0,0.623464582
1546.0,0.623465261
1547.0,0.623454258
1548.0,0.623447262
1549.0,0.623443812
1550.0,0.623431141
1551.0,0.623394326
1552.0,0.62336315
1553.0,0.623339984
1554.0,0.623310298
1555.0,0.623287148
1556.0,0.623271568
1557.0,0.623248273
1558.0,0.623210283
1559.0,0.623160955
1560.0,0.623122695
1561.0,0.623070694
1562.0,0.62300285
1563.0,0.622981932
1564.0,0.622964487
1565.0,0.622906832
1566.0,0.622854023
1567.0,0.62280297
1568.0,0.62273833
1569.0,0.622690931
1570.0,0.622659135
1571.0,0.622611047
1572.0,0.622555194
1573.0,0.622507885
1574.0,0.622474275
1575.0,0.622422472
1576.0,0.622357109
1577.0,0.622306459
1578.0,0.622261974
1579.0,0.622196172
1580.0,0.622124782
1581.0,0.622066608
1582.0,0.621998002
1583.0,0.621935623
1584.0,0.621899262
1585.0,0.621822353
1586.0,0.621709706
1587.0,0.62163768
1588.0,0.621571766
1589.0,0.621501384
1590.0,0.621453006
1591.0,0.621376151
1592.0,0.621274993
1593.0,0.621191042
1594.0,0.621109131
1595.0,0.621030584
1596.0,0.620955275
1597.0,0.62087419
1598.0,0.620799979
1599.0,0.620704989
1600.0,0.62059275
1601.0,0.620496823
1602.0,0.620392533
1603.0,0.620303641
1604.0,0.620234862
1605.0,0.620148286
1606.0,0.620058905
1607.0,0.619969228
1608.0,0.619871601
1609.0,0.619780665
1610.0,0.619700903
1611.0,0.619593074
1612.0,0.619475247
1613.0,0.619366012
1614.0,0.619233562
1615.0,0.619124183
1616.0,0.619032949
1617.0,0.618932117
1618.0,0.618839755
1619.0,0.618737817
1620.0,0.618632351
1621.0,0.61851855
1622.0,0.618396658
1623.0,0.618272141
1624.0,0.618142223
1625.0,0.618013128
1626.0,0.617879931
1627.0,0.617743455
1628.0,0.61760522
1629.0,0.617468081
1630.0,0.617326012
1631.0,0.617189993
1632.0,0.617057596
1633.0,0.616924362
1634.0,0.61679895
1635.0,0.616653803
1636.0,0.616502917
1637.0,0.616347988
1638.0,0.616180727
1639.0,0.616006658
1640.0,0.615823006
1641.0,0.615622298
1642.0,0.615440403
1643.0,0.61527855
1644.0,0.615115279
1645.0,0.614936095
1646.0,0.614750698
1647.0,0.614565598
1648.0,0.614370941
1649.0,0.614185188
1650.0,0.614017456
1651.0,0.613841879
1652.0,0.613652893
1653.0,0.613474869
1654.0,0.613298585
1655.0,0.613099277
1656.0,0.612912043
1657.0,0.612747851
1658.0,0.612555658
1659.0,0.612377697
1660.0,0.612228529
1661.0,0.612020286
1662.0,0.611791893
1663.0,0.611585404
1664.0,0.611373969
1665.0,0.611187517
1666.0,0.611016598
1667.0,0.610847993
1668.0,0.610675907
1669.0,0.610505214
1670.0,0.610377208
1671.0,0.610256227
1672.0,0.61009861
1673.0,0.609925007
1674.0,0.609771372
1675.0,0.609626808
1676.0,0.609482738
1677.0,0.609383231
1678.0,0.609279702
1679.0,0.609125247
1680.0,0.608988463
1681.0,0.608861585
1682.0,0.608715163
1683.0,0.608593033
1684.0,0.608479138
1685.0,0.608351567
1686.0,0.608240878
1687.0,0.608142552
1688.0,0.608045636
1689.0,0.60794625
1690.0,0.607809671
1691.0,0.607670109
1692.0,0.607540612
1693.0,0.607404777
1694.0,0.60729368
1695.0,0.607198921
1696.0,0.607094125
1697.0,0.606998137
1698.0,0.606898962
1699.0,0.606798864
1700.0,0.606696747
1701.0,0.606594756
1702.0,0.606494334
1703.0,0.606382775
1704.0,0.606283837
1705.0,0.606197162
1706.0,0.606113001
1707.0,0.606036793
1708.0,0.605951893
1709.0,0.605864435
1710.0,0.605775452
1711.0,0.6056814
1712.0,0.605597338
1713.0,0.605522389
1714.0,0.605438457
1715.0,0.605345938
1716.0,0.605270848
1717.0,0.605201643
1718.0,0.60514011
1719.0,0.605096209
1720.0,0.605022399
1721.0,0.604948523
1722.0,0.604824025
1723.0,0.604713006
1724.0,0.604614758
1725.0,0.604492118
1726.0,0.60436971
1727.0,0.60425877
1728.0,0.60414729
1729.0,0.604016363
1730.0,0.603895193
1731.0,0.603797393
1732.0,0.603661395
1733.0,0.603527184
1734.0,0.603403156
1735.0,0.603236262
1736.0,0.603095531
1737.0,0.60296559
1738.0,0.602801972
1739.0,0.602680137
1740.0,0.602583382
1741.0,0.602457383
1742.0,0.602343751
1743.0,0.602242417
1744.0,0.602110941
1745.0,0.601985774
1746.0,0.601902032
1747.0,0.601805974
1748.0,0.601702399
1749.0,0.601622079
1750.0,0.601524253
1751.0,0.601436325
1752.0,0.601378901
1753.0,0.601304935
1754.0,0.601256764
1755.0,0.601196039
1756.0,0.601106147
1757.0,0.601048147
1758.0,0.600994703
1759.0,0.600957431
1760.0,0.600960232
1761.0,0.600932938
1762.0,0.600898351
1763.0,0.600870405
1764.0,0.6008253
1765.0,0.600786709
1766.0,0.600785254
1767.0,0.60077778
1768.0,0.600738577
1769.0,0.600720177
1770.0,0.600729209
1771.0,0.600725359
1772.0,0.600720819
1773.0,0.600735549
1774.0,0.600731381
1775.0,0.600700689
1776.0,0.600698548
1777.0,0.600726254
1778.0,0.600723391
1779.0,0.600720868
1780.0,0.600722242
1781.0,0.600701058
1782.0,0.60068573
1783.0,0.600690472
1784.0,0.600718897
1785.0,0.600710549
1786.0,0.600707854
1787.0,0.600762791
1788.0,0.600790001
1789.0,0.600813025
1790.0,0.600847464
1791.0,0.600834504
1792.0,0.600808571
1793.0,0.600782082
1794.0,0.600725414
1795.0,0.600682076
1796.0,0.600611043
1797.0,0.600534572
1798.0,0.600470687
1799.0,0.600363908
1800.0,0.600294473
1801.0,0.600260445
1802.0,0.60018816
1803.0,0.600075796
1804.0,0.599947674
1805.0,0.599799595
1806.0,0.599659282
1807.0,0.599549592
1808.0,0.599423003
1809.0,0.599268147
1810.0,0.599085745
1811.0,0.598859407
1812.0,0.598619796
1813.0,0.598390396
1814.0,0.598153365
1815.0,0.597895783
1816.0,0.597643437
1817.0,0.597386175
1818.0,0.59711114
1819.0,0.596883834
1820.0,0.596682315
1821.0,0.596449268
1822.0,0.596235168
1823.0,0.596010878
1824.0,0.595758013
1825.0,0.595541796
1826.0,0.595316886
1827.0,0.595088437
1828.0,0.594855138
1829.0,0.59460882
1830.0,0.594357865
1831.0,0.594857352
1832.0,0.594635294
1833.0,0.59443458
1834.0,0.594265186
1835.0,0.594087069
1836.0,0.593954061
1837.0,0.593864491
1838.0,0.593802172
1839.0,0.593720115
1840.0,0.593690788
1841.0,0.593696683
1842.0,0.593714547
1843.0,0.593759761
1844.0,0.593799065
1845.0,0.593825342
1846.0,0.593833377
1847.0,0.593850582
1848.0,0.593881631
1849.0,0.59392372
1850.0,0.593979222
1851.0,0.593986071
1852.0,0.59393426
1853.0,0.593869838
1854.0,0.593769603
1855.0,0.593637384
1856.0,0.593469363
1857.0,0.593291212
1858.0,0.593040704
1859.0,0.59273087
1860.0,0.592370828
1861.0,0.591928025
1862.0,0.591414571
1863.0,0.590834006
1864.0,0.59015344
1865.0,0.589450251
1866.0,0.58867827
1867.0,0.58788148
1868.0,0.587012341
1869.0,0.5861856
1870.0,0.585327229
1871.0,0.58447884
1872.0,0.583699842
1873.0,0.582894563
1874.0,0.58204643
1875.0,0.581258671
1876.0,0.580317156
1877.0,0.579318456
1878.0,0.578220507
1879.0,0.577057967
1880.0,0.575728142
1881.0,0.574386035
1882.0,0.572879923
1883.0,0.571218049
1884.0,0.569458263
1885.0,0.567491627
1886.0,0.565274031
1887.0,0.563043123
1888.0,0.560616373
1889.0,0.558175959
1890.0,0.55570583
1891.0,0.553115255
1892.0,0.5504247
1893.0,0.547723562
1894.0,0.544902003
1895.0,0.54188067
1896.0,0.539012991
1897.0,0.536006204
1898.0,0.533220436
1899.0,0.530555664
1900.0,0.527972018
1901.0,0.525454715
1902.0,0.523117874
1903.0,0.520823547
1904.0,0.518738823
1905.0,0.516886849
1906.0,0.51521967
1907.0,0.513773806
1908.0,0.512608958
1909.0,0.511548571
1910.0,0.510690856
1911.0,0.509955554
1912.0,0.509359734
1913.0,0.508920405
1914.0,0.508640231
1915.0,0.508457781
1916.0,0.508357703
1917.0,0.508402967
1918.0,0.508465473
1919.0,0.508601193
1920.0,0.508792195
1921.0,0.509062774
1922.0,0.509357877
1923.0,0.509736224
1924.0,0.510114768
1925.0,0.510469386
1926.0,0.510844396
1927.0,0.511198638
1928.0,0.511510001
1929.0,0.51187087
1930.0,0.512276451
1931.0,0.512636546
1932.0,0.513009862
1933.0,0.513354329
1934.0,0.513655182
1935.0,0.513952485
1936.0,0.51427454
1937.0,0.514591323
1938.0,0.514933599
1939.0,0.515294227
1940.0,0.515663255
1941.0,0.516052578
1942.0,0.516439919
1943.0,0.516835913
1944.0,0.517233017
1945.0,0.517637222
1946.0,0.518037605
1947.0,0.518438894
1948.0,0.518845299
1949.0,0.519245157
1950.0,0.519643824
1951.0,0.520036341
1952.0,0.520402962
1953.0,0.520816478
1954.0,0.521239372
1955.0,0.521677678
1956.0,0.522158503
1957.0,0.522630368
1958.0,0.523086019
1959.0,0.52357885
1960.0,0.524072968
1961.0,0.524581101
1962.0,0.525091813
1963.0,0.525602488
1964.0,0.526142562
1965.0,0.526719198
1966.0,0.52726602
1967.0,0.527832547
1968.0,0.528379027
1969.0,0.528892041
1970.0,0.529412684
1971.0,0.529932505
1972.0,0.530449804
1973.0,0.530980265
1974.0,0.531521323
1975.0,0.532044411
1976.0,0.532586812
1977.0,0.533091735
1978.0,0.533542301
1979.0,0.534032859
1980.0,0.534517942
1981.0,0.535018238
1982.0,0.535532554
1983.0,0.536083958
1984.0,0.536592541
1985.0,0.53709389
1986.0,0.537588875
1987.0,0.538058065
1988.0,0.538545796
1989.0,0.539043803
1990.0,0.539531855
1991.0,0.540017721
1992.0,0.5405062
1993.0,0.541001003
1994.0,0.541477592
1995.0,0.541940771
1996.0,0.542409633
1997.0,0.542878719
1998.0,0.543329036
1999.0,0.543802132
2000.0,0.544311249
2001.0,0.544778676
2002.0,0.545240328
2003.0,0.545683526
2004.0,0.546095946
2005.0,0.546510142
2006.0,0.546909468
2007.0,0.547318387
2008.0,0.547716683
2009.0,0.548118366
2010.0,0.548492974
2011.0,0.548848745
2012.0,0.549208977
2013.0,0.549559216
2014.0,0.549894763
2015.0,0.550220214
2016.0,0.550558946
2017.0,0.550904886
2018.0,0.551220416
2019.0,0.551551978
2020.0,0.551835294
2021.0,0.552084706
2022.0,0.55234616
2023.0,0.552619532
2024.0,0.552918691
2025.0,0.553177771
2026.0,0.553445936
2027.0,0.553668885
2028.0,0.55383545
2029.0,0.554023498
2030.0,0.554208621
2031.0,0.55437067
2032.0,0.554506575
2033.0,0.554676287
2034.0,0.554819369
2035.0,0.554958399
2036.0,0.555097657
2037.0,0.555241249
2038.0,0.555391029
2039.0,0.555545763
2040.0,0.555672839
2041.0,0.555807529
2042.0,0.55592936
2043.0,0.556005489
2044.0,0.556110244
2045.0,0.556240915
2046.0,0.556343256
2047.0,0.556456562
2048.0,0.556595498
2049.0,0.556722326
2050.0,0.556844341
2051.0,0.55695151
2052.0,0.557048884
2053.0,0.557135663
2054.0,0.557196736
2055.0,0.557275455
2056.0,0.557348259
2057.0,0.557422273
2058.0,0.557528227
2059.0,0.557601769
2060.0,0.557654444
2061.0,0.557696058
2062.0,0.557748171
2063.0,0.55777071
2064.0,0.557823202
2065.0,0.55786229
2066.0,0.557879596
2067.0,0.557878612
2068.0,0.557885605
2069.0,0.557882221
2070.0,0.557871049
2071.0,0.557845108
2072.0,0.55782624
2073.0,0.557808622
2074.0,0.557773702
2075.0,0.557720458
2076.0,0.557702678
2077.0,0.55766634
2078.0,0.557604369
2079.0,0.557539522
2080.0,0.557455274
2081.0,0.557375869
2082.0,0.557277066
2083.0,0.557173997
2084.0,0.5570901
2085.0,0.556978398
2086.0,0.55681486
2087.0,0.556673069
2088.0,0.556545937
2089.0,0.556392016
2090.0,0.556242655
2091.0,0.556128118
2092.0,0.555958457
2093.0,0.555798463
2094.0,0.555621355
2095.0,0.555410786
2096.0,0.555224677
2097.0,0.555067346
2098.0,0.554854124
2099.0,0.554616424
2100.0,0.554389107
2101.0,0.554126996
2102.0,0.553880798
2103.0,0.553646886
2104.0,0.553414954
2105.0,0.553176862
2106.0,0.55295483
2107.0,0.552770835
2108.0,0.552586816
2109.0,0.552370714
2110.0,0.552182342
2111.0,0.551992444
2112.0,0.551790584
2113.0,0.551642296
2114.0,0.551551316
2115.0,0.551443802
2116.0,0.551339944
2117.0,0.551270094
2118.0,0.551230794
2119.0,0.55117833
2120.0,0.551135292
2121.0,0.55113508
2122.0,0.551125869
2123.0,0.551071041
2124.0,0.551000221
2125.0,0.550943118
2126.0,0.550856805
2127.0,0.550756654
2128.0,0.550664614
2129.0,0.550530694
2130.0,0.550339791
2131.0,0.550109298
2132.0,0.54981587
2133.0,0.549472885
2134.0,0.549058585
2135.0,0.54858216
2136.0,0.548044673
2137.0,0.547439823
2138.0,0.546782593
2139.0,0.546043454
2140.0,0.545239016
2141.0,0.544366618
2142.0,0.543460199
2143.0,0.542503254
2144.0,0.541427212
2145.0,0.540263721
2146.0,0.539026032
2147.0,0.53777463
2148.0,0.536445978
2149.0,0.535156998
2150.0,0.533858055
2151.0,0.532565695
2152.0,0.531285518
2153.0,0.529953579
2154.0,0.528571891
2155.0,0.527232047
2156.0,0.525932699
2157.0,0.52469113
2158.0,0.523556251
2159.0,0.522454031
2160.0,0.521345851
2161.0,0.520245689
2162.0,0.51918368
2163.0,0.518152895
2164.0,0.5171684
2165.0,0.516201604
2166.0,0.51527843
2167.0,0.514436659
2168.0,0.513570111
2169.0,0.512740345
2170.0,0.511853922
2171.0,0.510946784
2172.0,0.510010646
2173.0,0.509030316
2174.0,0.508050951
2175.0,0.507051564
2176.0,0.506019917
2177.0,0.504908935
2178.0,0.503726945
2179.0,0.502466183
2180.0,0.501151294
2181.0,0.499815866
2182.0,0.498480613
2183.0,0.49714674
2184.0,0.495874414
2185.0,0.494573457
2186.0,0.493262516
2187.0,0.491957484
2188.0,0.490585778
2189.0,0.48931905
2190.0,0.488035199
2191.0,0.486928839
2192.0,0.485940721
2193.0,0.485061943
2194.0,0.484254788
2195.0,0.483504981
2196.0,0.482783636
2197.0,0.482116384
2198.0,0.481558025
2199.0,0.481098915
2200.0,0.480675368
2201.0,0.480453317
2202.0,0.48038109
2203.0,0.480583631
2204.0,0.481110875
2205.0,0.481905593
2206.0,0.483085301
2207.0,0.484440151
2208.0,0.486167512
2209.0,0.488145725
2210.0,0.490376321
2211.0,0.493008317
2212.0,0.495650868
2213.0,0.498634887
2214.0,0.501438499
2215.0,0.504295337
2216.0,0.507041825
2217.0,0.509626679
2218.0,0.512007494
2219.0,0.514126013
2220.0,0.516173524
2221.0,0.517952913
2222.0,0.519575054
2223.0,0.521011649
2224.0,0.522108109
2225.0,0.523000398
2226.0,0.52382519
2227.0,0.524555088
2228.0,0.525202521
2229.0,0.525775786
2230.0,0.526226035
2231.0,0.526559994
2232.0,0.526774647
2233.0,0.526978274
2234.0,0.527132918
2235.0,0.527216031
2236.0,0.52723316
2237.0,0.527256441
2238.0,0.52720546
2239.0,0.52714799
2240.0,0.52708889
2241.0,0.52699792
2242.0,0.526883963
2243.0,0.526802879
2244.0,0.526725332
2245.0,0.526602754
2246.0,0.526399947
2247.0,0.526167957
2248.0,0.525948536
2249.0,0.525775841
2250.0,0.525633445
2251.0,0.525473026
2252.0,0.525288776
2253.0,0.52509848
2254.0,0.524926476
2255.0,0.524751742
2256.0,0.524559937
2257.0,0.524373869
2258.0,0.524189825
2259.0,0.523968251
2260.0,0.523795552
2261.0,0.523721874
2262.0,0.523509942
2263.0,0.523218019
2264.0,0.522997143
2265.0,0.522695767
2266.0,0.522462643
2267.0,0.522367945
2268.0,0.522190322
2269.0,0.522001216
2270.0,0.5217414
2271.0,0.521499018
2272.0,0.521158322
2273.0,0.520803664
2274.0,0.52053608
2275.0,0.520267382
2276.0,0.519994095
2277.0,0.519714604
2278.0,0.519406247
2279.0,0.519013812
2280.0,0.518647039
2281.0,0.51832219
2282.0,0.518024775
2283.0,0.517770993
2284.0,0.517391223
2285.0,0.516996619
2286.0,0.51668102
2287.0,0.516346901
2288.0,0.515986912
2289.0,0.515574044
2290.0,0.515101139
2291.0,0.514698934
2292.0,0.514316001
2293.0,0.513915586
2294.0,0.513604179
2295.0,0.513164893
2296.0,0.512581683
2297.0,0.512068794
2298.0,0.511564731
2299.0,0.511025936
2300.0,0.510502162
2301.0,0.509940411
2302.0,0.509351002
2303.0,0.508723334
2304.0,0.508028675
2305.0,0.507359322
2306.0,0.506689483
2307.0,0.505975607
2308.0,0.505223448
2309.0,0.504550238
2310.0,0.503871523
2311.0,0.503120325
2312.0,0.502441644
2313.0,0.501824479
2314.0,0.501125031
2315.0,0.500408352
2316.0,0.499763749
2317.0,0.499117303
2318.0,0.498415211
2319.0,0.497771825
2320.0,0.497196122
2321.0,0.496554963
2322.0,0.495917976
2323.0,0.495335655
2324.0,0.494754193
2325.0,0.494199676
2326.0,0.493647078
2327.0,0.49308891
2328.0,0.492497022
2329.0,0.491876163
2330.0,0.491361319
2331.0,0.490943677
2332.0,0.490458801
2333.0,0.49002066
2334.0,0.489533267
2335.0,0.488951739
2336.0,0.488472525
2337.0,0.488091171
2338.0,0.487611811
2339.0,0.487139606
2340.0,0.48659212
2341.0,0.485891623
2342.0,0.485371326
2343.0,0.484965392
2344.0,0.484411033
2345.0,0.483849707
2346.0,0.483306212
2347.0,0.482635142
2348.0,0.482063339
2349.0,0.481600707
2350.0,0.481131104
2351.0,0.480628147
2352.0,0.480199621
2353.0,0.479858796
2354.0,0.479535463
2355.0,0.479300681
2356.0,0.478956543
2357.0,0.478575764
2358.0,0.478227401
2359.0,0.477816908
2360.0,0.477427185
2361.0,0.477091998
2362.0,0.476743554
2363.0,0.476361394
2364.0,0.47598873
2365.0,0.47572031
2366.0,0.475335291
2367.0,0.474897411
2368.0,0.474369157
2369.0,0.47379582
2370.0,0.472971309
2371.0,0.472304806
2372.0,0.471746877
2373.0,0.470992456
2374.0,0.470444755
2375.0,0.469972507
2376.0,0.469298971
2377.0,0.468606083
2378.0,0.468039141
2379.0,0.467371296
2380.0,0.466610669
2381.0,0.46622012
2382.0,0.465953815
2383.0,0.46558065
2384.0,0.465292368
2385.0,0.464997065
2386.0,0.464643855
2387.0,0.464377387
2388.0,0.464114141
2389.0,0.463858742
2390.0,0.463670487
2391.0,0.463485788
2392.0,0.46331323
2393.0,0.463137583
2394.0,0.462924538
2395.0,0.462667122
2396.0,0.462475981
2397.0,0.462429797
2398.0,0.462327979
2399.0,0.462160093
2400.0,0.462060303
2401.0,0.461768233
2402.0,0.461395394
2403.0,0.461014664
2404.0,0.460548093
2405.0,0.460126
2406.0,0.459706221
2407.0,0.459247503
2408.0,0.458766257
2409.0,0.458307424
2410.0,0.457857647
2411.0,0.457293337
2412.0,0.456684666
2413.0,0.456129061
2414.0,0.455427006
2415.0,0.455028463
2416.0,0.454894866
2417.0,0.454454694
2418.0,0.454039512
2419.0,0.453508737
2420.0,0.452726791
2421.0,0.45217422
2422.0,0.451758827
2423.0,0.451156997
2424.0,0.450506656
2425.0,0.449913051
2426.0,0.449219701
2427.0,0.448642505
2428.0,0.448200969
2429.0,0.447443446
2430.0,0.446801844
2431.0,0.446308941
2432.0,0.445673537
2433.0,0.444967217
2434.0,0.444368073
2435.0,0.443898744
2436.0,0.443397253
2437.0,0.44278991
2438.0,0.44247268
2439.0,0.441997309
2440.0,0.44119646
2441.0,0.440782196
2442.0,0.440465215
2443.0,0.440015143
2444.0,0.439547131
2445.0,0.439028759
2446.0,0.438665418
2447.0,0.438253377
2448.0,0.437854213
2449.0,0.437677964
2450.0,0.437218521
2451.0,0.436769173
2452.0,0.436601083
2453.0,0.436289887
2454.0,0.435997468
2455.0,0.435731099
2456.0,0.435305911
2457.0,0.434883535
2458.0,0.43445185
2459.0,0.434058242
2460.0,0.43371601
2461.0,0.433094094
2462.0,0.432694649
2463.0,0.432541305
2464.0,0.43196346
2465.0,0.431104179
2466.0,0.430709186
2467.0,0.430062724
2468.0,0.429727974
2469.0,0.430601148
2470.0,0.430308903
2471.0,0.428923943
2472.0,0.428337077
2473.0,0.4274419
2474.0,0.426834036
2475.0,0.427206219
2476.0,0.427203773
2477.0,0.42705592
2478.0,0.426751801
2479.0,0.426300873
2480.0,0.426026056
2481.0,0.425401109
2482.0,0.425025073
2483.0,0.42508632
2484.0,0.424765643
2485.0,0.424413177
2486.0,0.423969231
2487.0,0.423167006
2488.0,0.422430404
2489.0,0.422413601
2490.0,0.423799334
2491.0,0.424606111
2492.0,0.423605333
2493.0,0.422875249
2494.0,0.421849444
2495.0,0.420481839
2496.0,0.4216417
2497.0,0.422493773
2498.0,0.420753562
2499.0,0.41961424
2500.0,0.419111458
6025.0,0.039718464
6050.0,0.038550351
6075.0,0.038461559
6100.0,0.037688647
6125.0,0.03721099
6150.0,0.037627988
6175.0,0.033680055
6200.0,0.036242053
6225.0,0.034587026
6250.0,0.034761388
6275.0,0.034841899
6300.0,0.034683399
6325.0,0.033871342
6350.0,0.033285108
6375.0,0.032021411
6400.0,0.032446701
6425.0,0.031330109
6450.0,0.03220883
6475.0,0.029469566
6500.0,0.028050015
6525.0,0.029224176
6550.0,0.028604291
6575.0,0.025932087
6600.0,0.027619585
6625.0,0.024709169
6650.0,0.026503213
6675.0,0.02616412
6700.0,0.025209354
6725.0,0.025584554
6750.0,0.02511631
6775.0,0.024040191
6800.0,0.023628013
6825.0,0.024069546
6850.0,0.022249959
6875.0,0.020590285
6900.0,0.022172429
6925.0,0.021983426
6950.0,0.020764647
6975.0,0.018570544
7000.0,0.019511433
7025.0,0.018079067
7050.0,0.017149949
7075.0,0.018133422
7100.0,0.016754584
7125.0,0.014701618
7150.0,0.013710909
7175.0,0.013623539
7200.0,0.012783959
7225.0,0.012431346
7250.0,0.011824768
7275.0,0.010178043
7300.0,0.010197941
7325.0,0.009204919
7350.0,0.007950878
7375.0,0.00850702
7400.0,0.00785347
7425.0,0.006922958
7450.0,0.004973704
7475.0,0.004343983
7500.0,0.004749972
7525.0,0.004088249
7550.0,0.003902273
7575.0,0.002235394
7600.0,0.001624067
7625.0,0.002087186
7650.0,0.001341762
7675.0,0.000972691
7700.0,0.000436096
7725.0,5.94E-05
7750.0,0
7775.0,3.83E-05
7800.0,0.000794399
7825.0,0.000949798
7850.0,0.001358264
7875.0,0.002315936
7900.0,0.003877019
7925.0,0.006479254
7950.0,0.009302974
7975.0,0.013336388
8000.0,0.018513428
8025.0,0.023877893
8050.0,0.031081913
8075.0,0.041380096
8100.0,0.054473843
8125.0,0.071350366
8150.0,0.094231717
8175.0,0.124417007
8200.0,0.162395328
8225.0,0.205315247
8250.0,0.248341158
8275.0,0.292148262
8300.0,0.340642869
8325.0,0.392565906
8350.0,0.442357838
8375.0,0.485053062
8400.0,0.519302309
8425.0,0.546578825
8450.0,0.567770422
8475.0,0.584728539
8500.0,0.600458443
8525.0,0.616284668
8550.0,0.633928597
8575.0,0.655306339
8600.0,0.682277858
8625.0,0.716369331
8650.0,0.755786002
8675.0,0.792190492
8700.0,0.815565884
8725.0,0.821803749
8750.0,0.813477337
8775.0,0.794635892
8800.0,0.768000603
8825.0,0.736328721
8850.0,0.70338434
8875.0,0.672269702
8900.0,0.645205498
8925.0,0.621120632
8950.0,0.596755683
8975.0,0.570864856
9000.0,0.546265423
9025.0,0.524704874
9050.0,0.508481383
9075.0,0.500840545
9100.0,0.502305865
9125.0,0.50824374
9150.0,0.508935452
9175.0,0.495269328
9200.0,0.464923829
9225.0,0.423096448
9250.0,0.378503889
9275.0,0.338933051
9300.0,0.312260658
9325.0,0.305261612
9350.0,0.320319206
9375.0,0.353735238
9400.0,0.397808969
9425.0,0.444530278
9450.0,0.488645971
9475.0,0.541895747
9500.0,0.616051733
9525.0,0.702008307
9550.0,0.785716653
9575.0,0.860526562
9600.0,0.922623932
9625.0,0.968449473
9650.0,0.996799231
9675.0,0.01
9700.0,0.973184824
9725.0,0.923469365
9750.0,0.87039572
9775.0,0.836379886
9800.0,0.838348448
9825.0,0.871574342
9850.0,0.913853765
9875.0,0.942574799
9900.0,0.950358152
9925.0,0.944773257
9950.0,0.934044421
9975.0,0.921831787
10000.0,0.907987177
10025.0,0.891637385
10050.0,0.871872067
10075.001,0.851076424
10100.0,0.829727888
10125.0,0.805966794
10150.0,0.780655026
10175.0,0.752525806
10200.001,0.721566558
10225.0,0.69020468
10250.0,0.657359123
10275.0,0.624389112
10300.0,0.593748331
10325.001,0.565887928
10350.0,0.54229641
10375.0,0.521849811
10400.0,0.503299177
10425.0,0.48696062
10450.001,0.472228795
10475.0,0.459064692
10500.0,0.44694221
10525.0,0.435424536
10550.0,0.424874693
10575.001,0.415278375
10600.0,0.406536341
10625.0,0.398155689
10650.0,0.389887571
10675.0,0.38197124
10700.001,0.374438047
10725.0,0.367024601
10750.0,0.359479666
10775.0,0.352004051
10800.0,0.344973445
10825.001,0.338596702
10850.0,0.332756221
10875.0,0.327253938
10900.0,0.322081059
10925.0,0.317064255
10950.001,0.311873317
10975.0,0.30649063
11000.0,0.301204711
11025.0,0.296153098
11050.0,0.29120484
11075.001,0.286218911
11100.0,0.28124845
11125.0,0.276541829
11150.0,0.272314489
11175.0,0.268568724
11200.001,0.265263498
11225.0,0.262411654
11250.0,0.259805948
11275.0,0.256966621
11300.0,0.253539085
11325.001,0.249627873
11350.0,0.2457591
11375.0,0.242474228
11400.0,0.239849687
11425.0,0.237457424
11450.001,0.234823674
11475.0,0.231866866
11500.0,0.228957698
11525.0,0.226552531
11550.0,0.224666625
11575.001,0.222804174
11600.0,0.220465317
11625.0,0.217574358
11650.0,0.214434296
11675.0,0.211437568
11700.001,0.208787754
11725.0,0.206416339
11750.0,0.204185709
11775.0,0.202089876
11800.0,0.200188324
11825.001,0.198440611
11850.0,0.196678847
11875.0,0.194681659
11900.0,0.192228734
11925.0,0.189171225
11950.001,0.185569391
11975.0,0.181760237
12000.0,0.178269267
12025.0,0.17561911
12050.0,0.1739887
12075.001,0.172860399
12100.0,0.171171665
12125.0,0.168104127
12150.0,0.163746133
12175.0,0.158934519
12200.001,0.15456003
12225.0,0.151002273
12250.0,0.147985816
12275.0,0.144894958
12300.0,0.141359106
12325.001,0.137566179
12350.0,0.133952439
12375.0,0.130650684
12400.0,0.127296761
12425.0,0.12334343
12450.001,0.118543305
12475.0,0.11324954
12500.0,0.108679123
12525.0,0.107222252
12550.0,0.112041838
12575.001,0.12542735
12600.0,0.146910205
12625.0,0.172699153
12650.0,0.196815431
12675.0,0.213300511
12700.001,0.21863775
12725.0,0.213210747
12750.0,0.200756446
12775.0,0.186078206
12800.0,0.172638714
12825.001,0.161499813
12850.0,0.151882336
12875.0,0.142783463
12900.0,0.134726673
12925.0,0.130534828
12950.001,0.134488836
12975.0,0.150277987
13000.0,0.178842857
13025.0,0.217149392
13050.0,0.258563071
13075.001,0.294917315
13100.0,0.319441915
13125.0,0.328986466
13150.0,0.324439675
13175.0,0.309645265
13200.001,0.289776832
13225.0,0.269802779
13250.0,0.253382236
13275.0,0.242545336
13300.0,0.238075003
13325.001,0.239877358
13350.0,0.246903807
13375.0,0.257028848
13400.0,0.26738739
13425.0,0.275103003
13450.001,0.278024882
13475.0,0.275235504
13500.0,0.267230988
13525.0,0.255678535
13550.0,0.24278149
13575.001,0.230547875
13600.0,0.220363364
13625.0,0.213050753
13650.0,0.209148958
13675.0,0.20899792
13700.001,0.212552011
13725.0,0.219184175
13750.0,0.227693826
13775.0,0.236496463
13800.0,0.243914559
13825.001,0.248522684
13850.0,0.249484494
13875.0,0.246767819
13900.0,0.241134271
13925.0,0.233885899
13950.001,0.226450801
13975.0,0.219960257
14000.0,0.214973181
14025.001,0.211419404
14050.0,0.2087176
14075.0,0.206008464
14100.0,0.202466771
14125.0,0.197636157
14150.001,0.191666111
14175.0,0.18528983
14200.0,0.179478854
14225.0,0.174940377
14250.0,0.171774939
14275.001,0.169522747
14300.0,0.167535678
14325.0,0.165361121
14350.0,0.162895322
14375.0,0.160369098
14400.001,0.157996446
14425.0,0.156097412
14450.0,0.15503253
14475.0,0.154647142
14500.0,0.15458177
