Database of Origin,ASTER / ECOSTRESS Spectral Library
Sample Description,ASTER / ECOSTRESS  Quercus agrifolia
Other Information,vegetation.tree.quercus.agrifolia.vswir.jpl112.jpl.asdnicolet.spectrum.txt
Date Added,2018-06-29 20:51:04.490286

Data ID,ASTR_975            
Sample ID,JPL112
Mineral Name,Quercus agrifolia
Locality,34.12859; -118.11386;; WGS84

Wavelength
351.0,0.04769999999999999
352.0,0.04723
353.0,0.04628
354.0,0.04705
355.0,0.046950000000000006
356.0,0.04668
357.0,0.04658
358.0,0.0467
359.0,0.04599
360.0,0.04567
361.0,0.04607
362.0,0.04611
363.0,0.045880000000000004
364.0,0.04563
365.0,0.04553
366.0,0.04524
367.0,0.04564
368.0,0.046
369.0,0.044809999999999996
370.0,0.044340000000000004
371.0,0.04443
372.0,0.04469
373.0,0.04505
374.0,0.04479
375.0,0.04449
376.0,0.044770000000000004
377.0,0.04433
378.0,0.04427
379.0,0.04473
380.0,0.044969999999999996
381.0,0.04453
382.0,0.0443
383.0,0.044660000000000005
384.0,0.04436
385.0,0.044349999999999994
386.0,0.04449
387.0,0.04429
388.0,0.04421
389.0,0.04426
390.0,0.044340000000000004
391.0,0.04427
392.0,0.04429
393.0,0.04427
394.0,0.04417
395.0,0.044640000000000006
396.0,0.04442
397.0,0.044000000000000004
398.0,0.04446
399.0,0.0444
400.0,0.04427
401.0,0.0444
402.0,0.044649999999999995
403.0,0.044649999999999995
404.0,0.04458
405.0,0.04468
406.0,0.04472
407.0,0.044829999999999995
408.0,0.045
409.0,0.045129999999999997
410.0,0.04511999999999999
411.0,0.045259999999999995
412.0,0.04559
413.0,0.045599999999999995
414.0,0.04578
415.0,0.04601
416.0,0.04606
417.0,0.0462
418.0,0.046349999999999995
419.0,0.04642
420.0,0.04638
421.0,0.046529999999999995
422.0,0.04673
423.0,0.046849999999999996
424.0,0.04699
425.0,0.04717
426.0,0.04735
427.0,0.0475
428.0,0.04768
429.0,0.04779
430.0,0.04782
431.0,0.04785999999999999
432.0,0.04797
433.0,0.04804
434.0,0.048
435.0,0.04808
436.0,0.04816
437.0,0.04826
438.0,0.04845
439.0,0.04853
440.0,0.0487
441.0,0.049
442.0,0.049100000000000005
443.0,0.04918
444.0,0.049240000000000006
445.0,0.049249999999999995
446.0,0.04933
447.0,0.04944
448.0,0.049530000000000005
449.0,0.04963
450.0,0.04968
451.0,0.04972000000000001
452.0,0.049800000000000004
453.0,0.049909999999999996
454.0,0.049960000000000004
455.0,0.04995
456.0,0.04993
457.0,0.05006
458.0,0.05019
459.0,0.05021
460.0,0.05015
461.0,0.05022
462.0,0.05033000000000001
463.0,0.05033000000000001
464.0,0.050359999999999995
465.0,0.0504
466.0,0.05045
467.0,0.05054
468.0,0.050499999999999996
469.0,0.05044
470.0,0.050460000000000005
471.0,0.05044
472.0,0.05044
473.0,0.050460000000000005
474.0,0.050460000000000005
475.0,0.05049000000000001
476.0,0.05051
477.0,0.05049000000000001
478.0,0.05051
479.0,0.05056
480.0,0.0506
481.0,0.05059
482.0,0.05061
483.0,0.050620000000000005
484.0,0.05061
485.0,0.050620000000000005
486.0,0.0506
487.0,0.050620000000000005
488.0,0.050679999999999996
489.0,0.05067
490.0,0.05074
491.0,0.050890000000000005
492.0,0.05101
493.0,0.051109999999999996
494.0,0.051230000000000005
495.0,0.05137
496.0,0.05148
497.0,0.05167
498.0,0.051879999999999996
499.0,0.05206
500.0,0.05225
501.0,0.0525
502.0,0.05279
503.0,0.053040000000000004
504.0,0.05339000000000001
505.0,0.053739999999999996
506.0,0.05404
507.0,0.05448
508.0,0.054939999999999996
509.0,0.05543
510.0,0.05598
511.0,0.05653
512.0,0.05716
513.0,0.05788
514.0,0.05868
515.0,0.059500000000000004
516.0,0.06036
517.0,0.0613
518.0,0.062329999999999997
519.0,0.06341000000000001
520.0,0.06452
521.0,0.06567
522.0,0.06684999999999999
523.0,0.06804
524.0,0.0692
525.0,0.07034
526.0,0.07145
527.0,0.07253
528.0,0.07357999999999999
529.0,0.07455
530.0,0.07544
531.0,0.07624
532.0,0.07702
533.0,0.07776
534.0,0.07841000000000001
535.0,0.07897
536.0,0.07949
537.0,0.07995000000000001
538.0,0.08036
539.0,0.08070000000000001
540.0,0.08095000000000001
541.0,0.08113
542.0,0.08129
543.0,0.08146
544.0,0.0817
545.0,0.08199999999999999
546.0,0.08233
547.0,0.08263999999999999
548.0,0.08291
549.0,0.08313000000000001
550.0,0.08327
551.0,0.08336
552.0,0.0834
553.0,0.0834
554.0,0.08335000000000001
555.0,0.08321999999999999
556.0,0.08299
557.0,0.08269
558.0,0.08231999999999999
559.0,0.08187
560.0,0.08137
561.0,0.08086
562.0,0.08029
563.0,0.07966999999999999
564.0,0.07902
565.0,0.07831
566.0,0.07751999999999999
567.0,0.07665
568.0,0.07577
569.0,0.07484
570.0,0.07394
571.0,0.07311
572.0,0.07231
573.0,0.07156
574.0,0.07092
575.0,0.07041
576.0,0.06996000000000001
577.0,0.0695
578.0,0.06897
579.0,0.06842
580.0,0.06792
581.0,0.06748
582.0,0.06709
583.0,0.06669
584.0,0.06633
585.0,0.06602000000000001
586.0,0.06572
587.0,0.06535
588.0,0.06494
589.0,0.06457
590.0,0.06434000000000001
591.0,0.06423
592.0,0.06418
593.0,0.06414
594.0,0.06405
595.0,0.06393
596.0,0.0638
597.0,0.06365
598.0,0.06349
599.0,0.06334
600.0,0.0632
601.0,0.06307
602.0,0.06292
603.0,0.06273
604.0,0.06249
605.0,0.06226
606.0,0.06202
607.0,0.06174
608.0,0.061399999999999996
609.0,0.06103
610.0,0.060599999999999994
611.0,0.06008
612.0,0.05976
613.0,0.05953
614.0,0.059320000000000005
615.0,0.059050000000000005
616.0,0.058789999999999995
617.0,0.05853
618.0,0.05827
619.0,0.05801
620.0,0.05779
621.0,0.05762
622.0,0.05748
623.0,0.05733
624.0,0.057210000000000004
625.0,0.05711
626.0,0.05701
627.0,0.05696
628.0,0.056929999999999994
629.0,0.05689
630.0,0.05682
631.0,0.056760000000000005
632.0,0.05672
633.0,0.05668
634.0,0.056609999999999994
635.0,0.0565
636.0,0.05635
637.0,0.056159999999999995
638.0,0.055970000000000006
639.0,0.05575
640.0,0.055490000000000005
641.0,0.05524
642.0,0.05498
643.0,0.05471
644.0,0.05441
645.0,0.05416000000000001
646.0,0.05392
647.0,0.05367
648.0,0.05345
649.0,0.05327
650.0,0.05312
651.0,0.052969999999999996
652.0,0.052809999999999996
653.0,0.05269
654.0,0.052590000000000005
655.0,0.05248
656.0,0.05234
657.0,0.05218
658.0,0.052009999999999994
659.0,0.05184999999999999
660.0,0.051680000000000004
661.0,0.051500000000000004
662.0,0.05132
663.0,0.05114
664.0,0.05099
665.0,0.05087
666.0,0.050780000000000006
667.0,0.050730000000000004
668.0,0.05069
669.0,0.05064
670.0,0.050620000000000005
671.0,0.05064
672.0,0.05067
673.0,0.05075
674.0,0.05083
675.0,0.05093
676.0,0.051050000000000005
677.0,0.05119
678.0,0.051340000000000004
679.0,0.05152
680.0,0.051710000000000006
681.0,0.05194
682.0,0.05219
683.0,0.05246000000000001
684.0,0.052809999999999996
685.0,0.053200000000000004
686.0,0.05362
687.0,0.0541
688.0,0.05469
689.0,0.05543
690.0,0.05633
691.0,0.05743
692.0,0.0588
693.0,0.060439999999999994
694.0,0.062400000000000004
695.0,0.06480000000000001
696.0,0.06762
697.0,0.07085
698.0,0.07449
699.0,0.07858
700.0,0.08309
701.0,0.08797
702.0,0.09319000000000001
703.0,0.09871
704.0,0.10448
705.0,0.11047000000000001
706.0,0.11662
707.0,0.12295
708.0,0.12943
709.0,0.13604
710.0,0.14276
711.0,0.14958
712.0,0.15652
713.0,0.16357
714.0,0.17071000000000003
715.0,0.1779
716.0,0.18513000000000002
717.0,0.1924
718.0,0.19973
719.0,0.20708
720.0,0.21441
721.0,0.2217
722.0,0.22895
723.0,0.23617000000000002
724.0,0.24332
725.0,0.2503
726.0,0.25713
727.0,0.26383
728.0,0.27031
729.0,0.27663
730.0,0.28276
731.0,0.28864
732.0,0.29431999999999997
733.0,0.29978
734.0,0.30501
735.0,0.31001999999999996
736.0,0.3148
737.0,0.31934
738.0,0.32366999999999996
739.0,0.32776000000000005
740.0,0.33163
741.0,0.33527999999999997
742.0,0.3387
743.0,0.34194
744.0,0.34497
745.0,0.34778
746.0,0.35039000000000003
747.0,0.35287
748.0,0.35516
749.0,0.35723
750.0,0.35914
751.0,0.36094000000000004
752.0,0.36261000000000004
753.0,0.36414
754.0,0.36556
755.0,0.36686
756.0,0.36802
757.0,0.36906
758.0,0.37003
759.0,0.37095
760.0,0.3718
761.0,0.37254
762.0,0.37323
763.0,0.37386
764.0,0.37444000000000005
765.0,0.37499000000000005
766.0,0.37549999999999994
767.0,0.37595
768.0,0.37634999999999996
769.0,0.37675
770.0,0.37712
771.0,0.37743000000000004
772.0,0.37771
773.0,0.37798000000000004
774.0,0.37825000000000003
775.0,0.37851
776.0,0.37874
777.0,0.37894
778.0,0.37914000000000003
779.0,0.37935
780.0,0.37959000000000004
781.0,0.37976999999999994
782.0,0.37990999999999997
783.0,0.38006999999999996
784.0,0.38023
785.0,0.38037
786.0,0.38049
787.0,0.38063
788.0,0.38073999999999997
789.0,0.38084
790.0,0.38094
791.0,0.38107
792.0,0.38118
793.0,0.38126
794.0,0.38137
795.0,0.38143
796.0,0.3815
797.0,0.38158000000000003
798.0,0.38162
799.0,0.38168
800.0,0.38173999999999997
801.0,0.38179
802.0,0.38185
803.0,0.38187
804.0,0.38187
805.0,0.38192
806.0,0.38195999999999997
807.0,0.38198
808.0,0.38198
809.0,0.38198
810.0,0.38199
811.0,0.38201999999999997
812.0,0.38206
813.0,0.38204
814.0,0.38201999999999997
815.0,0.38201
816.0,0.38199
817.0,0.38201
818.0,0.38201999999999997
819.0,0.38203000000000004
820.0,0.38206
821.0,0.38204
822.0,0.38204
823.0,0.38205
824.0,0.38204
825.0,0.38201999999999997
826.0,0.38199
827.0,0.38194
828.0,0.38197000000000003
829.0,0.38198
830.0,0.38195999999999997
831.0,0.38195
832.0,0.382
833.0,0.38201999999999997
834.0,0.38201
835.0,0.38203000000000004
836.0,0.38203000000000004
837.0,0.38203000000000004
838.0,0.38204
839.0,0.38204
840.0,0.3821
841.0,0.38217
842.0,0.38222
843.0,0.38226
844.0,0.38231000000000004
845.0,0.38236
846.0,0.38240999999999997
847.0,0.38247
848.0,0.38252
849.0,0.38256
850.0,0.38262
851.0,0.38268
852.0,0.38275
853.0,0.38281
854.0,0.38287999999999994
855.0,0.38295
856.0,0.38301999999999997
857.0,0.38308
858.0,0.38313
859.0,0.38321
860.0,0.38333
861.0,0.38345999999999997
862.0,0.38351
863.0,0.38359000000000004
864.0,0.38368
865.0,0.38374
866.0,0.38380000000000003
867.0,0.38389
868.0,0.38399
869.0,0.38406999999999997
870.0,0.38414000000000004
871.0,0.38427
872.0,0.38442
873.0,0.38449
874.0,0.38453000000000004
875.0,0.38461
876.0,0.38472
877.0,0.38484
878.0,0.38493
879.0,0.38503
880.0,0.38515
881.0,0.38524
882.0,0.38531
883.0,0.38541
884.0,0.38553
885.0,0.38561999999999996
886.0,0.38571
887.0,0.38579
888.0,0.38587000000000005
889.0,0.38593000000000005
890.0,0.386
891.0,0.38609000000000004
892.0,0.38616
893.0,0.38628999999999997
894.0,0.38639
895.0,0.38647
896.0,0.38656
897.0,0.38664000000000004
898.0,0.38671
899.0,0.38677999999999996
900.0,0.38686
901.0,0.38689
902.0,0.38695999999999997
903.0,0.38707
904.0,0.38716
905.0,0.38726
906.0,0.38736
907.0,0.38743
908.0,0.38747
909.0,0.38753
910.0,0.38761
911.0,0.38768
912.0,0.38774000000000003
913.0,0.38780000000000003
914.0,0.38783999999999996
915.0,0.38781999999999994
916.0,0.38789
917.0,0.38791
918.0,0.38789999999999997
919.0,0.38795999999999997
920.0,0.38798
921.0,0.38798
922.0,0.38801
923.0,0.38807
924.0,0.38803
925.0,0.38793
926.0,0.38787
927.0,0.38793
928.0,0.38791
929.0,0.38786000000000004
930.0,0.38780000000000003
931.0,0.38771
932.0,0.38761
933.0,0.38756999999999997
934.0,0.38753
935.0,0.38734
936.0,0.3872
937.0,0.38712
938.0,0.38703000000000004
939.0,0.38682
940.0,0.38673
941.0,0.38667
942.0,0.38656999999999997
943.0,0.38641
944.0,0.38616999999999996
945.0,0.38597000000000004
946.0,0.38584
947.0,0.38561999999999996
948.0,0.38531999999999994
949.0,0.38497
950.0,0.38463
951.0,0.38432
952.0,0.38391
953.0,0.38348999999999994
954.0,0.38316
955.0,0.38287999999999994
956.0,0.38258000000000003
957.0,0.3822
958.0,0.38175
959.0,0.3814
960.0,0.3811
961.0,0.38082
962.0,0.38058
963.0,0.38034999999999997
964.0,0.38012
965.0,0.37988999999999995
966.0,0.37968
967.0,0.37957
968.0,0.37939999999999996
969.0,0.37925
970.0,0.37926000000000004
971.0,0.37917
972.0,0.37906999999999996
973.0,0.37901
974.0,0.37897
975.0,0.3789
976.0,0.37884999999999996
977.0,0.37878
978.0,0.37864
979.0,0.37866
980.0,0.37872999999999996
981.0,0.37878999999999996
982.0,0.37878999999999996
983.0,0.37884999999999996
984.0,0.37889
985.0,0.37895
986.0,0.37906999999999996
987.0,0.37918
988.0,0.37927
989.0,0.37931
990.0,0.37933999999999996
991.0,0.37951999999999997
992.0,0.37965000000000004
993.0,0.37973999999999997
994.0,0.37988999999999995
995.0,0.38009
996.0,0.38025
997.0,0.3803
998.0,0.38028
999.0,0.38042000000000004
1000.0,0.38054000000000004
1001.0,0.38465000000000005
1002.0,0.38476
1003.0,0.3849
1004.0,0.38506
1005.0,0.38526000000000005
1006.0,0.38543
1007.0,0.38553
1008.0,0.38567
1009.0,0.38581000000000004
1010.0,0.38595999999999997
1011.0,0.38612
1012.0,0.38626
1013.0,0.38638
1014.0,0.38653
1015.0,0.38667
1016.0,0.38682
1017.0,0.38695999999999997
1018.0,0.38712
1019.0,0.38728
1020.0,0.38741
1021.0,0.38758000000000004
1022.0,0.38775
1023.0,0.38789
1024.0,0.38804
1025.0,0.38817
1026.0,0.38826
1027.0,0.38837000000000005
1028.0,0.38848
1029.0,0.3886
1030.0,0.38876
1031.0,0.38889
1032.0,0.38902000000000003
1033.0,0.38914000000000004
1034.0,0.38924
1035.0,0.38933
1036.0,0.38945
1037.0,0.38957
1038.0,0.38966999999999996
1039.0,0.38976999999999995
1040.0,0.38987
1041.0,0.38994
1042.0,0.39002000000000003
1043.0,0.39012
1044.0,0.39020000000000005
1045.0,0.39027
1046.0,0.39036000000000004
1047.0,0.39043999999999995
1048.0,0.39053
1049.0,0.39061
1050.0,0.3907
1051.0,0.39081000000000005
1052.0,0.39088
1053.0,0.39094999999999996
1054.0,0.391
1055.0,0.39107
1056.0,0.39110999999999996
1057.0,0.39118
1058.0,0.39128999999999997
1059.0,0.39136000000000004
1060.0,0.3914
1061.0,0.39146000000000003
1062.0,0.39151
1063.0,0.39155
1064.0,0.39161
1065.0,0.39165999999999995
1066.0,0.39171
1067.0,0.39175
1068.0,0.39179
1069.0,0.39183999999999997
1070.0,0.39188
1071.0,0.39191000000000004
1072.0,0.39195
1073.0,0.39201
1074.0,0.39204
1075.0,0.39207000000000003
1076.0,0.39210999999999996
1077.0,0.39215000000000005
1078.0,0.39216999999999996
1079.0,0.3922
1080.0,0.39222
1081.0,0.39222999999999997
1082.0,0.39225
1083.0,0.3923
1084.0,0.39232
1085.0,0.39234
1086.0,0.39235
1087.0,0.39235
1088.0,0.39232
1089.0,0.39232
1090.0,0.39232
1091.0,0.3923
1092.0,0.39228
1093.0,0.39225
1094.0,0.3922
1095.0,0.39216
1096.0,0.39215000000000005
1097.0,0.39212
1098.0,0.3921
1099.0,0.39206
1100.0,0.39202
1101.0,0.39196
1102.0,0.39187
1103.0,0.39179
1104.0,0.39173
1105.0,0.39165999999999995
1106.0,0.39159
1107.0,0.39153
1108.0,0.39145
1109.0,0.39136000000000004
1110.0,0.39127
1111.0,0.39119
1112.0,0.39108
1113.0,0.39096
1114.0,0.39083
1115.0,0.3907
1116.0,0.39054
1117.0,0.39036000000000004
1118.0,0.39019
1119.0,0.39000999999999997
1120.0,0.38982
1121.0,0.38961
1122.0,0.38937
1123.0,0.38909999999999995
1124.0,0.38881
1125.0,0.38848
1126.0,0.38814
1127.0,0.38776000000000005
1128.0,0.38734999999999997
1129.0,0.38691000000000003
1130.0,0.38644
1131.0,0.38591000000000003
1132.0,0.38533
1133.0,0.38470999999999994
1134.0,0.38405
1135.0,0.38333
1136.0,0.38256999999999997
1137.0,0.38175
1138.0,0.38088
1139.0,0.37997
1140.0,0.37902
1141.0,0.37807
1142.0,0.37709000000000004
1143.0,0.37609000000000004
1144.0,0.37508
1145.0,0.37403
1146.0,0.373
1147.0,0.37193
1148.0,0.37091999999999997
1149.0,0.36993000000000004
1150.0,0.369
1151.0,0.36810000000000004
1152.0,0.36725
1153.0,0.36643000000000003
1154.0,0.36567
1155.0,0.36494
1156.0,0.36428
1157.0,0.36367
1158.0,0.36311
1159.0,0.36262
1160.0,0.36217
1161.0,0.36174999999999996
1162.0,0.36137
1163.0,0.36103
1164.0,0.36071
1165.0,0.36044
1166.0,0.36023000000000005
1167.0,0.36002
1168.0,0.35984
1169.0,0.35967
1170.0,0.35953
1171.0,0.35939
1172.0,0.35927
1173.0,0.35912999999999995
1174.0,0.35898
1175.0,0.35884
1176.0,0.35869999999999996
1177.0,0.35856
1178.0,0.35841
1179.0,0.35825
1180.0,0.35808
1181.0,0.3579
1182.0,0.35773000000000005
1183.0,0.35756
1184.0,0.3574
1185.0,0.35725
1186.0,0.35709
1187.0,0.35694000000000004
1188.0,0.35678
1189.0,0.35661000000000004
1190.0,0.35647
1191.0,0.35634
1192.0,0.35622
1193.0,0.35613
1194.0,0.35603999999999997
1195.0,0.35595
1196.0,0.35587
1197.0,0.35581
1198.0,0.35574
1199.0,0.3557
1200.0,0.35568
1201.0,0.35566000000000003
1202.0,0.35567
1203.0,0.35566000000000003
1204.0,0.35564999999999997
1205.0,0.35567
1206.0,0.3557
1207.0,0.35576
1208.0,0.35584000000000005
1209.0,0.35591
1210.0,0.35600000000000004
1211.0,0.35612
1212.0,0.35623
1213.0,0.35639000000000004
1214.0,0.35658999999999996
1215.0,0.35680999999999996
1216.0,0.35704
1217.0,0.35729999999999995
1218.0,0.35757
1219.0,0.35786
1220.0,0.35816000000000003
1221.0,0.35849
1222.0,0.35883000000000004
1223.0,0.35916
1224.0,0.35948
1225.0,0.35982
1226.0,0.36015
1227.0,0.36046999999999996
1228.0,0.36079
1229.0,0.36109
1230.0,0.36136
1231.0,0.36164999999999997
1232.0,0.36193
1233.0,0.36219
1234.0,0.36243000000000003
1235.0,0.36266
1236.0,0.36288
1237.0,0.36307
1238.0,0.36329
1239.0,0.36349
1240.0,0.36369
1241.0,0.36389000000000005
1242.0,0.36406
1243.0,0.36422
1244.0,0.36439
1245.0,0.36455
1246.0,0.36469999999999997
1247.0,0.36485999999999996
1248.0,0.36501
1249.0,0.36515000000000003
1250.0,0.36529000000000006
1251.0,0.3654
1252.0,0.3655
1253.0,0.36560000000000004
1254.0,0.36569
1255.0,0.36579
1256.0,0.36588
1257.0,0.36597
1258.0,0.36604
1259.0,0.3661
1260.0,0.36613999999999997
1261.0,0.36618
1262.0,0.36622
1263.0,0.36625
1264.0,0.36627000000000004
1265.0,0.36628
1266.0,0.36627000000000004
1267.0,0.36626
1268.0,0.36624
1269.0,0.36622
1270.0,0.36619
1271.0,0.36616
1272.0,0.36611
1273.0,0.36605
1274.0,0.36597999999999997
1275.0,0.36591
1276.0,0.36583
1277.0,0.36573999999999995
1278.0,0.36565
1279.0,0.36555
1280.0,0.36543
1281.0,0.36532
1282.0,0.3652
1283.0,0.36506
1284.0,0.36491
1285.0,0.36473999999999995
1286.0,0.36457
1287.0,0.36439
1288.0,0.36421
1289.0,0.36402
1290.0,0.36382
1291.0,0.36361
1292.0,0.36335999999999996
1293.0,0.36310000000000003
1294.0,0.36284
1295.0,0.36256
1296.0,0.36228
1297.0,0.36198
1298.0,0.36167
1299.0,0.36136
1300.0,0.36101999999999995
1301.0,0.36067
1302.0,0.36030999999999996
1303.0,0.35991999999999996
1304.0,0.35951
1305.0,0.35908999999999996
1306.0,0.35863999999999996
1307.0,0.35817
1308.0,0.35769
1309.0,0.35718000000000005
1310.0,0.35664999999999997
1311.0,0.35607999999999995
1312.0,0.35549
1313.0,0.35488
1314.0,0.35424999999999995
1315.0,0.35361
1316.0,0.35292
1317.0,0.35222000000000003
1318.0,0.35148
1319.0,0.35070999999999997
1320.0,0.34990000000000004
1321.0,0.34907
1322.0,0.34822000000000003
1323.0,0.34735
1324.0,0.34647
1325.0,0.34556
1326.0,0.34462000000000004
1327.0,0.34363999999999995
1328.0,0.34263
1329.0,0.34159
1330.0,0.34054
1331.0,0.33948999999999996
1332.0,0.33841
1333.0,0.33732
1334.0,0.3362
1335.0,0.33508000000000004
1336.0,0.33396000000000003
1337.0,0.33283999999999997
1338.0,0.33171
1339.0,0.33057000000000003
1340.0,0.32941000000000004
1341.0,0.32825000000000004
1342.0,0.32709000000000005
1343.0,0.32594999999999996
1344.0,0.32482
1345.0,0.3237
1346.0,0.32258000000000003
1347.0,0.32148000000000004
1348.0,0.32037
1349.0,0.31928999999999996
1350.0,0.31822
1351.0,0.31717
1352.0,0.31611
1353.0,0.31507
1354.0,0.31403
1355.0,0.31297
1356.0,0.31192
1357.0,0.31085
1358.0,0.30979
1359.0,0.30870000000000003
1360.0,0.30760000000000004
1361.0,0.30649
1362.0,0.30533
1363.0,0.30416
1364.0,0.30294
1365.0,0.30166
1366.0,0.30034
1367.0,0.29896
1368.0,0.29751
1369.0,0.29600000000000004
1370.0,0.29439
1371.0,0.29268
1372.0,0.29087
1373.0,0.28893
1374.0,0.28687999999999997
1375.0,0.2847
1376.0,0.28235
1377.0,0.27982
1378.0,0.2771
1379.0,0.27419
1380.0,0.2711
1381.0,0.26779
1382.0,0.26433
1383.0,0.2607
1384.0,0.2569
1385.0,0.25293
1386.0,0.24883
1387.0,0.24453
1388.0,0.24019
1389.0,0.23574
1390.0,0.23118
1391.0,0.22662
1392.0,0.222
1393.0,0.2173
1394.0,0.21263
1395.0,0.20793
1396.0,0.20327
1397.0,0.19869
1398.0,0.19417
1399.0,0.1898
1400.0,0.18553999999999998
1401.0,0.18138
1402.0,0.17737999999999998
1403.0,0.17350000000000002
1404.0,0.16977
1405.0,0.16624
1406.0,0.16285
1407.0,0.15968
1408.0,0.15667999999999999
1409.0,0.15381999999999998
1410.0,0.15116
1411.0,0.14865
1412.0,0.14631
1413.0,0.14415
1414.0,0.14212999999999998
1415.0,0.14029
1416.0,0.13859
1417.0,0.13702
1418.0,0.13557
1419.0,0.13423
1420.0,0.133
1421.0,0.13188
1422.0,0.13085000000000002
1423.0,0.12993
1424.0,0.1291
1425.0,0.12833
1426.0,0.12766
1427.0,0.12703
1428.0,0.12647
1429.0,0.12596
1430.0,0.12551
1431.0,0.12512
1432.0,0.12478
1433.0,0.12448000000000001
1434.0,0.12423000000000001
1435.0,0.12401
1436.0,0.12384
1437.0,0.12369
1438.0,0.12358000000000001
1439.0,0.1235
1440.0,0.12344
1441.0,0.12342
1442.0,0.12340999999999999
1443.0,0.12342
1444.0,0.12345
1445.0,0.12349
1446.0,0.12354
1447.0,0.12362999999999999
1448.0,0.12372
1449.0,0.12382
1450.0,0.12393000000000001
1451.0,0.12405
1452.0,0.12417
1453.0,0.12432
1454.0,0.12448000000000001
1455.0,0.12465999999999999
1456.0,0.12484999999999999
1457.0,0.12506
1458.0,0.12528
1459.0,0.12553
1460.0,0.1258
1461.0,0.12611
1462.0,0.12644
1463.0,0.12680999999999998
1464.0,0.12722
1465.0,0.12765
1466.0,0.12811999999999998
1467.0,0.12862
1468.0,0.12917
1469.0,0.12975
1470.0,0.13036
1471.0,0.13102
1472.0,0.13171
1473.0,0.13243
1474.0,0.13317
1475.0,0.13394
1476.0,0.13473000000000002
1477.0,0.13555
1478.0,0.13638999999999998
1479.0,0.13724
1480.0,0.13811
1481.0,0.13899
1482.0,0.13989000000000001
1483.0,0.14079
1484.0,0.14171
1485.0,0.14263
1486.0,0.14356
1487.0,0.14451
1488.0,0.14544
1489.0,0.14637
1490.0,0.14732
1491.0,0.14826
1492.0,0.14922000000000002
1493.0,0.15019
1494.0,0.15115
1495.0,0.15213
1496.0,0.1531
1497.0,0.15406
1498.0,0.15503999999999998
1499.0,0.15602
1500.0,0.15699
1501.0,0.15797
1502.0,0.15895
1503.0,0.15991
1504.0,0.16088000000000002
1505.0,0.16185
1506.0,0.16282
1507.0,0.1638
1508.0,0.16476
1509.0,0.16573000000000002
1510.0,0.16669
1511.0,0.16763000000000003
1512.0,0.16858
1513.0,0.16951
1514.0,0.17044
1515.0,0.17139
1516.0,0.17231000000000002
1517.0,0.17323
1518.0,0.17416
1519.0,0.17507
1520.0,0.17597000000000002
1521.0,0.17686
1522.0,0.17775
1523.0,0.17862999999999998
1524.0,0.1795
1525.0,0.18037
1526.0,0.18123
1527.0,0.18209
1528.0,0.18294
1529.0,0.18377
1530.0,0.18460000000000001
1531.0,0.18542000000000003
1532.0,0.18622
1533.0,0.18703
1534.0,0.18782
1535.0,0.18861
1536.0,0.1894
1537.0,0.19018000000000002
1538.0,0.19094999999999998
1539.0,0.19172999999999998
1540.0,0.19249
1541.0,0.19326000000000002
1542.0,0.19401
1543.0,0.19475
1544.0,0.19548
1545.0,0.1962
1546.0,0.19691
1547.0,0.19762000000000002
1548.0,0.19834
1549.0,0.19902999999999998
1550.0,0.19972
1551.0,0.20041
1552.0,0.20109000000000002
1553.0,0.20176
1554.0,0.20244
1555.0,0.20311
1556.0,0.20376999999999998
1557.0,0.20442
1558.0,0.20507
1559.0,0.2057
1560.0,0.20632999999999999
1561.0,0.20693999999999999
1562.0,0.20754999999999998
1563.0,0.20815999999999998
1564.0,0.20876
1565.0,0.20934
1566.0,0.20992999999999998
1567.0,0.21050000000000002
1568.0,0.21108000000000002
1569.0,0.21165
1570.0,0.2122
1571.0,0.21275
1572.0,0.2133
1573.0,0.21385
1574.0,0.21439
1575.0,0.21494
1576.0,0.21549
1577.0,0.21603000000000003
1578.0,0.21657
1579.0,0.21711
1580.0,0.21763000000000002
1581.0,0.21816
1582.0,0.21867999999999999
1583.0,0.21919
1584.0,0.21971
1585.0,0.22023
1586.0,0.22075
1587.0,0.22127
1588.0,0.22178
1589.0,0.2223
1590.0,0.22282
1591.0,0.22332999999999997
1592.0,0.22384
1593.0,0.22435
1594.0,0.22487
1595.0,0.22538
1596.0,0.22587
1597.0,0.22637000000000002
1598.0,0.22686
1599.0,0.22735
1600.0,0.22784
1601.0,0.22832
1602.0,0.22879000000000002
1603.0,0.22925
1604.0,0.22972
1605.0,0.2302
1606.0,0.23068000000000002
1607.0,0.23114
1608.0,0.2316
1609.0,0.23204
1610.0,0.23246
1611.0,0.23288
1612.0,0.23329999999999998
1613.0,0.23372
1614.0,0.23413
1615.0,0.23454
1616.0,0.23494
1617.0,0.23531
1618.0,0.23568999999999998
1619.0,0.23606000000000002
1620.0,0.23642
1621.0,0.23678000000000002
1622.0,0.23713
1623.0,0.23747
1624.0,0.23779
1625.0,0.23811
1626.0,0.23841
1627.0,0.23870999999999998
1628.0,0.23899
1629.0,0.23926999999999998
1630.0,0.23954
1631.0,0.2398
1632.0,0.24004
1633.0,0.24028
1634.0,0.24050000000000002
1635.0,0.2407
1636.0,0.24089
1637.0,0.24106000000000002
1638.0,0.24122
1639.0,0.24136
1640.0,0.24149
1641.0,0.24159
1642.0,0.24167000000000002
1643.0,0.24172000000000002
1644.0,0.24175000000000002
1645.0,0.24175000000000002
1646.0,0.24172999999999997
1647.0,0.24170000000000003
1648.0,0.24165
1649.0,0.24158000000000002
1650.0,0.2415
1651.0,0.2414
1652.0,0.2413
1653.0,0.24117999999999998
1654.0,0.24106000000000002
1655.0,0.24094000000000002
1656.0,0.24081
1657.0,0.2407
1658.0,0.24058
1659.0,0.24047999999999997
1660.0,0.24039000000000002
1661.0,0.2403
1662.0,0.24021
1663.0,0.24014
1664.0,0.24009
1665.0,0.24004999999999999
1666.0,0.24001
1667.0,0.23997
1668.0,0.23992000000000002
1669.0,0.23986999999999997
1670.0,0.23982
1671.0,0.23976
1672.0,0.23969000000000001
1673.0,0.23958
1674.0,0.23945
1675.0,0.23929999999999998
1676.0,0.23911000000000002
1677.0,0.23892
1678.0,0.23870999999999998
1679.0,0.23848
1680.0,0.23823
1681.0,0.23793
1682.0,0.23762
1683.0,0.23726
1684.0,0.23687999999999998
1685.0,0.23651
1686.0,0.23611000000000001
1687.0,0.23568999999999998
1688.0,0.23526
1689.0,0.2348
1690.0,0.23434000000000002
1691.0,0.23385999999999998
1692.0,0.2334
1693.0,0.23295000000000002
1694.0,0.2325
1695.0,0.23204999999999998
1696.0,0.2316
1697.0,0.23115
1698.0,0.23068000000000002
1699.0,0.23021
1700.0,0.22973
1701.0,0.22923
1702.0,0.22873000000000002
1703.0,0.22823000000000002
1704.0,0.22771999999999998
1705.0,0.22721
1706.0,0.22667
1707.0,0.22613
1708.0,0.22558
1709.0,0.22502
1710.0,0.22447
1711.0,0.22392
1712.0,0.22335999999999998
1713.0,0.22280999999999998
1714.0,0.22224
1715.0,0.22168
1716.0,0.22114999999999999
1717.0,0.22062
1718.0,0.22010000000000002
1719.0,0.21959
1720.0,0.21908000000000002
1721.0,0.21858
1722.0,0.21808
1723.0,0.21760000000000002
1724.0,0.21711
1725.0,0.21664999999999998
1726.0,0.21622
1727.0,0.21583
1728.0,0.21549
1729.0,0.2152
1730.0,0.21497
1731.0,0.2148
1732.0,0.2147
1733.0,0.21463000000000002
1734.0,0.21464
1735.0,0.21464
1736.0,0.21467
1737.0,0.21467
1738.0,0.21466000000000002
1739.0,0.21462
1740.0,0.21456
1741.0,0.21445
1742.0,0.21428999999999998
1743.0,0.21409
1744.0,0.21384
1745.0,0.21356999999999998
1746.0,0.21326
1747.0,0.21292000000000003
1748.0,0.21254
1749.0,0.21216000000000002
1750.0,0.21173999999999998
1751.0,0.21133
1752.0,0.2109
1753.0,0.21045000000000003
1754.0,0.20997
1755.0,0.20949
1756.0,0.20902
1757.0,0.20856000000000002
1758.0,0.20809999999999998
1759.0,0.20765999999999998
1760.0,0.20722000000000002
1761.0,0.20678999999999997
1762.0,0.2064
1763.0,0.20604
1764.0,0.20571
1765.0,0.20543
1766.0,0.20517
1767.0,0.20494
1768.0,0.20473
1769.0,0.20454
1770.0,0.20434999999999998
1771.0,0.20418
1772.0,0.20402
1773.0,0.20388
1774.0,0.20373999999999998
1775.0,0.20361
1776.0,0.20347
1777.0,0.20332999999999998
1778.0,0.20318999999999998
1779.0,0.20305
1780.0,0.2029
1781.0,0.20274999999999999
1782.0,0.20262
1783.0,0.20248999999999998
1784.0,0.20238
1785.0,0.20228000000000002
1786.0,0.20221
1787.0,0.20215
1788.0,0.2021
1789.0,0.20206
1790.0,0.20199
1791.0,0.20195
1792.0,0.20192
1793.0,0.20189000000000001
1794.0,0.20187999999999998
1795.0,0.20187999999999998
1796.0,0.20190000000000002
1797.0,0.20192
1798.0,0.20196000000000003
1799.0,0.20199999999999999
1800.0,0.20203
1801.0,0.20207999999999998
1802.0,0.20214
1803.0,0.2022
1804.0,0.20228000000000002
1805.0,0.20235
1806.0,0.2024
1807.0,0.20247
1808.0,0.20254999999999998
1809.0,0.20262
1810.0,0.20271
1811.0,0.20276
1812.0,0.20281
1813.0,0.20289000000000001
1814.0,0.20295000000000002
1815.0,0.20301
1816.0,0.20308
1817.0,0.20312999999999998
1818.0,0.20315000000000003
1819.0,0.2032
1820.0,0.20324
1821.0,0.20327
1822.0,0.20329
1823.0,0.20329999999999998
1824.0,0.20329999999999998
1825.0,0.20329
1826.0,0.20328
1827.0,0.20327
1828.0,0.20324
1829.0,0.20318999999999998
1830.0,0.20315000000000003
1831.0,0.20498999999999998
1832.0,0.20489000000000002
1833.0,0.20478000000000002
1834.0,0.20459
1835.0,0.20439
1836.0,0.20416
1837.0,0.20387
1838.0,0.2036
1839.0,0.20328
1840.0,0.20297
1841.0,0.20257000000000003
1842.0,0.20214
1843.0,0.20164
1844.0,0.20108
1845.0,0.20049
1846.0,0.19985
1847.0,0.19916
1848.0,0.19841
1849.0,0.19757000000000002
1850.0,0.19664
1851.0,0.19562000000000002
1852.0,0.19451000000000002
1853.0,0.19329000000000002
1854.0,0.192
1855.0,0.19065000000000001
1856.0,0.1892
1857.0,0.18765
1858.0,0.18596000000000001
1859.0,0.18417000000000003
1860.0,0.18225999999999998
1861.0,0.18027
1862.0,0.17814
1863.0,0.17594
1864.0,0.17362
1865.0,0.17113
1866.0,0.16853
1867.0,0.16577999999999998
1868.0,0.16289
1869.0,0.15988
1870.0,0.15671
1871.0,0.1534
1872.0,0.15001
1873.0,0.1465
1874.0,0.14289
1875.0,0.13926
1876.0,0.13554
1877.0,0.13180999999999998
1878.0,0.12808999999999998
1879.0,0.12433
1880.0,0.12065
1881.0,0.11701
1882.0,0.11339
1883.0,0.10976000000000001
1884.0,0.10621
1885.0,0.1027
1886.0,0.09926
1887.0,0.09595000000000001
1888.0,0.09272999999999999
1889.0,0.08967
1890.0,0.08676
1891.0,0.08401
1892.0,0.08138
1893.0,0.07896
1894.0,0.07667
1895.0,0.07454
1896.0,0.07259
1897.0,0.07078999999999999
1898.0,0.06915
1899.0,0.06766
1900.0,0.06629
1901.0,0.06505
1902.0,0.06392
1903.0,0.06293
1904.0,0.06204
1905.0,0.06126
1906.0,0.060579999999999995
1907.0,0.059989999999999995
1908.0,0.05946
1909.0,0.05899
1910.0,0.058570000000000004
1911.0,0.0582
1912.0,0.05789
1913.0,0.0576
1914.0,0.057359999999999994
1915.0,0.05714
1916.0,0.05695
1917.0,0.05678
1918.0,0.05665
1919.0,0.05656
1920.0,0.056479999999999995
1921.0,0.056420000000000005
1922.0,0.056369999999999996
1923.0,0.05633
1924.0,0.05631
1925.0,0.05628999999999999
1926.0,0.056299999999999996
1927.0,0.05631
1928.0,0.05634
1929.0,0.056369999999999996
1930.0,0.05641
1931.0,0.05647
1932.0,0.05654
1933.0,0.05662
1934.0,0.056740000000000006
1935.0,0.05684
1936.0,0.05696
1937.0,0.057069999999999996
1938.0,0.057190000000000005
1939.0,0.05733
1940.0,0.057460000000000004
1941.0,0.05759
1942.0,0.05774
1943.0,0.05788
1944.0,0.05804
1945.0,0.058230000000000004
1946.0,0.05842
1947.0,0.05862
1948.0,0.05882
1949.0,0.05902
1950.0,0.05923
1951.0,0.05944
1952.0,0.059660000000000005
1953.0,0.05988
1954.0,0.060110000000000004
1955.0,0.06035
1956.0,0.060590000000000005
1957.0,0.06084
1958.0,0.06111
1959.0,0.06138
1960.0,0.061669999999999996
1961.0,0.061959999999999994
1962.0,0.06225
1963.0,0.06256
1964.0,0.06287
1965.0,0.06317
1966.0,0.06347
1967.0,0.06379
1968.0,0.0641
1969.0,0.06442
1970.0,0.06475
1971.0,0.06509000000000001
1972.0,0.06543
1973.0,0.06578
1974.0,0.06612
1975.0,0.06646
1976.0,0.06682
1977.0,0.06719
1978.0,0.06756000000000001
1979.0,0.06794
1980.0,0.06835
1981.0,0.06875
1982.0,0.06916
1983.0,0.06956999999999999
1984.0,0.06997
1985.0,0.07038
1986.0,0.07078999999999999
1987.0,0.0712
1988.0,0.07164
1989.0,0.07209
1990.0,0.07253
1991.0,0.07296
1992.0,0.07341
1993.0,0.07385
1994.0,0.07429999999999999
1995.0,0.07474
1996.0,0.07519
1997.0,0.07564
1998.0,0.07609
1999.0,0.07655
2000.0,0.077
2001.0,0.07745
2002.0,0.07791000000000001
2003.0,0.07836
2004.0,0.07882
2005.0,0.07926
2006.0,0.07968
2007.0,0.08012999999999999
2008.0,0.08059
2009.0,0.08102999999999999
2010.0,0.08146
2011.0,0.08189
2012.0,0.08231999999999999
2013.0,0.08271
2014.0,0.08312
2015.0,0.08353999999999999
2016.0,0.08397
2017.0,0.08439
2018.0,0.0848
2019.0,0.08521000000000001
2020.0,0.08561
2021.0,0.08599
2022.0,0.08637
2023.0,0.08674
2024.0,0.08712
2025.0,0.0875
2026.0,0.08787
2027.0,0.08823
2028.0,0.08859
2029.0,0.08893000000000001
2030.0,0.08924
2031.0,0.08955
2032.0,0.08985
2033.0,0.09015000000000001
2034.0,0.09043
2035.0,0.09071
2036.0,0.09101000000000001
2037.0,0.09129
2038.0,0.09156
2039.0,0.09180999999999999
2040.0,0.09205
2041.0,0.09228
2042.0,0.09251
2043.0,0.09272
2044.0,0.09293
2045.0,0.09312
2046.0,0.09333
2047.0,0.09353
2048.0,0.09374
2049.0,0.09394999999999999
2050.0,0.09415
2051.0,0.09434
2052.0,0.09452999999999999
2053.0,0.09472
2054.0,0.09491
2055.0,0.0951
2056.0,0.09531
2057.0,0.09553
2058.0,0.09573000000000001
2059.0,0.09594
2060.0,0.09616
2061.0,0.09637000000000001
2062.0,0.09658
2063.0,0.0968
2064.0,0.09704
2065.0,0.09727000000000001
2066.0,0.0975
2067.0,0.09773
2068.0,0.09794
2069.0,0.09815
2070.0,0.09836
2071.0,0.09856999999999999
2072.0,0.09878
2073.0,0.09899
2074.0,0.0992
2075.0,0.09942999999999999
2076.0,0.09965
2077.0,0.09987
2078.0,0.1001
2079.0,0.10032
2080.0,0.10054
2081.0,0.10076
2082.0,0.10096999999999999
2083.0,0.10116
2084.0,0.10135999999999999
2085.0,0.10156000000000001
2086.0,0.10176
2087.0,0.10196999999999999
2088.0,0.10217999999999999
2089.0,0.10238
2090.0,0.10256
2091.0,0.10276999999999999
2092.0,0.10299
2093.0,0.10321
2094.0,0.10343
2095.0,0.10364000000000001
2096.0,0.10382999999999999
2097.0,0.10403000000000001
2098.0,0.10424
2099.0,0.10443
2100.0,0.10462999999999999
2101.0,0.10482
2102.0,0.10497
2103.0,0.10515000000000001
2104.0,0.10533
2105.0,0.10551
2106.0,0.10571
2107.0,0.10593
2108.0,0.10611000000000001
2109.0,0.10629
2110.0,0.10647000000000001
2111.0,0.10662
2112.0,0.10679
2113.0,0.10699
2114.0,0.10715999999999999
2115.0,0.10733000000000001
2116.0,0.10749
2117.0,0.10763
2118.0,0.10778
2119.0,0.10791
2120.0,0.10805999999999999
2121.0,0.10822
2122.0,0.10837999999999999
2123.0,0.10853
2124.0,0.10869
2125.0,0.10883
2126.0,0.10896
2127.0,0.1091
2128.0,0.10926
2129.0,0.10941000000000001
2130.0,0.10955999999999999
2131.0,0.10971
2132.0,0.10984999999999999
2133.0,0.10999
2134.0,0.11013999999999999
2135.0,0.11029
2136.0,0.11042999999999999
2137.0,0.11059
2138.0,0.11074999999999999
2139.0,0.11091
2140.0,0.11106999999999999
2141.0,0.11126
2142.0,0.11144
2143.0,0.11161
2144.0,0.1118
2145.0,0.11202
2146.0,0.11221
2147.0,0.1124
2148.0,0.11257999999999999
2149.0,0.11275
2150.0,0.11291999999999999
2151.0,0.11311
2152.0,0.11326
2153.0,0.1134
2154.0,0.11353999999999999
2155.0,0.11366
2156.0,0.11381000000000001
2157.0,0.11398
2158.0,0.11413999999999999
2159.0,0.1143
2160.0,0.11445999999999999
2161.0,0.11459
2162.0,0.11473000000000001
2163.0,0.11486
2164.0,0.115
2165.0,0.11512
2166.0,0.11523
2167.0,0.11537000000000001
2168.0,0.11551
2169.0,0.11566000000000001
2170.0,0.11584
2171.0,0.11599999999999999
2172.0,0.11614000000000001
2173.0,0.11628999999999999
2174.0,0.11642
2175.0,0.11656000000000001
2176.0,0.11669
2177.0,0.11684
2178.0,0.11701
2179.0,0.11718
2180.0,0.11737
2181.0,0.11753999999999999
2182.0,0.1177
2183.0,0.11787
2184.0,0.11803000000000001
2185.0,0.11819
2186.0,0.11836
2187.0,0.11855
2188.0,0.11874000000000001
2189.0,0.11893000000000001
2190.0,0.11912
2191.0,0.1193
2192.0,0.11948
2193.0,0.11964999999999999
2194.0,0.11982
2195.0,0.11997999999999999
2196.0,0.12014
2197.0,0.12029999999999999
2198.0,0.12046
2199.0,0.12065
2200.0,0.12081
2201.0,0.12097
2202.0,0.12113
2203.0,0.12127
2204.0,0.12142
2205.0,0.12156
2206.0,0.1217
2207.0,0.12182
2208.0,0.12194
2209.0,0.12207000000000001
2210.0,0.1222
2211.0,0.12232
2212.0,0.12246
2213.0,0.12255
2214.0,0.12263
2215.0,0.12269999999999999
2216.0,0.12275
2217.0,0.12278
2218.0,0.12279999999999999
2219.0,0.12279999999999999
2220.0,0.12278
2221.0,0.12275
2222.0,0.12272999999999999
2223.0,0.12267
2224.0,0.12257
2225.0,0.12246
2226.0,0.12231
2227.0,0.12215
2228.0,0.12197
2229.0,0.12176999999999999
2230.0,0.12154999999999999
2231.0,0.12129
2232.0,0.12101
2233.0,0.12074
2234.0,0.12041
2235.0,0.12007
2236.0,0.11968999999999999
2237.0,0.11927
2238.0,0.11885
2239.0,0.11840999999999999
2240.0,0.11796
2241.0,0.11750999999999999
2242.0,0.11706
2243.0,0.11662
2244.0,0.11615
2245.0,0.11564
2246.0,0.11513999999999999
2247.0,0.11462
2248.0,0.11410000000000001
2249.0,0.11356
2250.0,0.11306
2251.0,0.11256000000000001
2252.0,0.11205999999999999
2253.0,0.11159000000000001
2254.0,0.11109999999999999
2255.0,0.11059
2256.0,0.11010999999999999
2257.0,0.10965
2258.0,0.10919000000000001
2259.0,0.10876
2260.0,0.10832000000000001
2261.0,0.10789
2262.0,0.10744999999999999
2263.0,0.10705
2264.0,0.10665
2265.0,0.10622999999999999
2266.0,0.10586999999999999
2267.0,0.10548
2268.0,0.10506
2269.0,0.10468
2270.0,0.10430999999999999
2271.0,0.10396000000000001
2272.0,0.10363
2273.0,0.10332000000000001
2274.0,0.10303000000000001
2275.0,0.10273
2276.0,0.10244
2277.0,0.10215999999999999
2278.0,0.10188000000000001
2279.0,0.10162
2280.0,0.10137
2281.0,0.10111
2282.0,0.10086
2283.0,0.10060000000000001
2284.0,0.10035
2285.0,0.10009
2286.0,0.09983
2287.0,0.09955
2288.0,0.09927
2289.0,0.09898
2290.0,0.0987
2291.0,0.09838
2292.0,0.09803
2293.0,0.0977
2294.0,0.09734
2295.0,0.09698999999999999
2296.0,0.09669
2297.0,0.09632
2298.0,0.09589
2299.0,0.09548
2300.0,0.09504
2301.0,0.0946
2302.0,0.09419000000000001
2303.0,0.09378
2304.0,0.09339
2305.0,0.09301
2306.0,0.09262000000000001
2307.0,0.09226000000000001
2308.0,0.09194000000000001
2309.0,0.09163
2310.0,0.09137
2311.0,0.09117000000000001
2312.0,0.09103
2313.0,0.09093
2314.0,0.09089
2315.0,0.09093
2316.0,0.09097
2317.0,0.09104
2318.0,0.0911
2319.0,0.09115999999999999
2320.0,0.09122
2321.0,0.09129
2322.0,0.09133
2323.0,0.09142
2324.0,0.09143000000000001
2325.0,0.09138
2326.0,0.09131
2327.0,0.09119999999999999
2328.0,0.09105
2329.0,0.09083999999999999
2330.0,0.09064
2331.0,0.09041
2332.0,0.09021000000000001
2333.0,0.09002
2334.0,0.08983000000000001
2335.0,0.08964
2336.0,0.08943
2337.0,0.08921
2338.0,0.08900999999999999
2339.0,0.08882
2340.0,0.08859
2341.0,0.08833
2342.0,0.08807000000000001
2343.0,0.08773999999999998
2344.0,0.08746999999999999
2345.0,0.08725
2346.0,0.087
2347.0,0.08675000000000001
2348.0,0.08651999999999999
2349.0,0.08627000000000001
2350.0,0.08609
2351.0,0.086
2352.0,0.08587
2353.0,0.08571999999999999
2354.0,0.08564999999999999
2355.0,0.08559
2356.0,0.08551
2357.0,0.08552
2358.0,0.08548
2359.0,0.08542999999999999
2360.0,0.08538
2361.0,0.08528000000000001
2362.0,0.08518
2363.0,0.08503
2364.0,0.08487
2365.0,0.08474999999999999
2366.0,0.08464
2367.0,0.08457
2368.0,0.08444000000000002
2369.0,0.08423
2370.0,0.08402
2371.0,0.08380000000000001
2372.0,0.08362
2373.0,0.08345000000000001
2374.0,0.08323
2375.0,0.083
2376.0,0.08272
2377.0,0.08247
2378.0,0.08224999999999999
2379.0,0.08199999999999999
2380.0,0.08177
2381.0,0.08156000000000001
2382.0,0.08131000000000001
2383.0,0.08112
2384.0,0.08095000000000001
2385.0,0.08079
2386.0,0.08064
2387.0,0.08041999999999999
2388.0,0.08021
2389.0,0.08003
2390.0,0.07982
2391.0,0.07964
2392.0,0.07944
2393.0,0.07914
2394.0,0.07888
2395.0,0.0787
2396.0,0.07848
2397.0,0.0783
2398.0,0.0781
2399.0,0.07787
2400.0,0.07771
2401.0,0.07751000000000001
2402.0,0.07733
2403.0,0.07719999999999999
2404.0,0.07698
2405.0,0.0768
2406.0,0.07662
2407.0,0.07629
2408.0,0.076
2409.0,0.07577
2410.0,0.07551999999999999
2411.0,0.07535
2412.0,0.07517
2413.0,0.07488
2414.0,0.07456
2415.0,0.07424
2416.0,0.07394
2417.0,0.07375
2418.0,0.0736
2419.0,0.07341
2420.0,0.07325999999999999
2421.0,0.07305
2422.0,0.07278
2423.0,0.07253
2424.0,0.07219
2425.0,0.0719
2426.0,0.07173
2427.0,0.07151
2428.0,0.07134
2429.0,0.07119
2430.0,0.0709
2431.0,0.07064
2432.0,0.07038
2433.0,0.07011
2434.0,0.06984
2435.0,0.06958
2436.0,0.06941
2437.0,0.06921000000000001
2438.0,0.06907
2439.0,0.06894
2440.0,0.06876
2441.0,0.06849
2442.0,0.0682
2443.0,0.068
2444.0,0.06781
2445.0,0.06776
2446.0,0.06769
2447.0,0.06748
2448.0,0.06731
2449.0,0.06701
2450.0,0.06667
2451.0,0.06631999999999999
2452.0,0.06594
2453.0,0.06564
2454.0,0.06546
2455.0,0.06544
2456.0,0.06534
2457.0,0.06519
2458.0,0.06509000000000001
2459.0,0.06478
2460.0,0.06461
2461.0,0.0647
2462.0,0.0645
2463.0,0.06436
2464.0,0.06434999999999999
2465.0,0.06411
2466.0,0.06389
2467.0,0.06379
2468.0,0.06377
2469.0,0.06363
2470.0,0.06341000000000001
2471.0,0.06301
2472.0,0.06279
2473.0,0.06267
2474.0,0.06254
2475.0,0.0626
2476.0,0.06257
2477.0,0.062400000000000004
2478.0,0.06232
2479.0,0.06234
2480.0,0.06221
2481.0,0.06194
2482.0,0.06176
2483.0,0.06164
2484.0,0.061669999999999996
2485.0,0.06161
2486.0,0.061509999999999995
2487.0,0.061500000000000006
2488.0,0.06122
2489.0,0.060919999999999995
2490.0,0.06098
2491.0,0.060880000000000004
2492.0,0.06095
2493.0,0.06117
2494.0,0.060919999999999995
2495.0,0.060739999999999995
2496.0,0.060759999999999995
2497.0,0.0608
2498.0,0.06085
2499.0,0.060700000000000004
2500.0,0.06051
