Database of Origin,Western Washington University
Sample Description,Calcium sulfates Grain Size Series
Date Added,2017-11-11 07:17:58.844045

Data ID,WWU_Sulf_128        
Sample ID,Ca_GS_08
Mineral Name,Gypsum
Locality,Synthetic
Grain Size,<63um
Viewing Geometry,42 degrees
Resolution,3nm/30nm
Composition,Synthetic calcium sulfate

Wavelength
351.0,0.746045887
352.0,0.74367702
353.0,0.75111264
354.0,0.756596863
355.0,0.747837842
356.0,0.745520294
357.0,0.745636046
358.0,0.745940089
359.0,0.746533811
360.0,0.746365666
361.0,0.746546745
362.0,0.747437298
363.0,0.748033106
364.0,0.746600986
365.0,0.744838178
366.0,0.744465828
367.0,0.745188653
368.0,0.744751632
369.0,0.743920803
370.0,0.744646847
371.0,0.74833709
372.0,0.748635173
373.0,0.745791614
374.0,0.745341122
375.0,0.741388917
376.0,0.740646958
377.0,0.744645178
378.0,0.743433595
379.0,0.742563784
380.0,0.742454886
381.0,0.742174387
382.0,0.740650117
383.0,0.741365731
384.0,0.743191302
385.0,0.742736697
386.0,0.74275738
387.0,0.742899776
388.0,0.742878258
389.0,0.742923558
390.0,0.742498159
391.0,0.74221772
392.0,0.742318928
393.0,0.741092145
394.0,0.740775466
395.0,0.741228163
396.0,0.741271377
397.0,0.741093397
398.0,0.740567267
399.0,0.74002409
400.0,0.740233719
401.0,0.740549743
402.0,0.741226614
403.0,0.74227196
404.0,0.742727518
405.0,0.743044555
406.0,0.743013799
407.0,0.742401004
408.0,0.742070913
409.0,0.741662323
410.0,0.74134779
411.0,0.741731644
412.0,0.741537809
413.0,0.741110802
414.0,0.740849733
415.0,0.740653574
416.0,0.741003454
417.0,0.741121769
418.0,0.740279734
419.0,0.739846945
420.0,0.740200043
421.0,0.740654588
422.0,0.739962935
423.0,0.740414798
424.0,0.740798831
425.0,0.740444601
426.0,0.740611017
427.0,0.74099052
428.0,0.741027594
429.0,0.740437686
430.0,0.740384102
431.0,0.740852237
432.0,0.741487086
433.0,0.741789222
434.0,0.742374599
435.0,0.743112087
436.0,0.743633449
437.0,0.743326128
438.0,0.742839158
439.0,0.742228091
440.0,0.741526425
441.0,0.741494954
442.0,0.741541684
443.0,0.741452873
444.0,0.741376042
445.0,0.741512537
446.0,0.741719484
447.0,0.741844475
448.0,0.741808653
449.0,0.741839111
450.0,0.741932034
451.0,0.742032826
452.0,0.742297649
453.0,0.742414474
454.0,0.74241972
455.0,0.742652476
456.0,0.742632091
457.0,0.742574573
458.0,0.742683172
459.0,0.742855012
460.0,0.743024051
461.0,0.743140459
462.0,0.743172824
463.0,0.743082345
464.0,0.743225515
465.0,0.743550122
466.0,0.743541718
467.0,0.743665695
468.0,0.743851066
469.0,0.743937433
470.0,0.743817329
471.0,0.743902445
472.0,0.744211257
473.0,0.744500875
474.0,0.744340718
475.0,0.74430567
476.0,0.744556367
477.0,0.74449265
478.0,0.74465245
479.0,0.744895816
480.0,0.744974017
481.0,0.744951606
482.0,0.745105982
483.0,0.745394647
484.0,0.745549798
485.0,0.745744586
486.0,0.745864391
487.0,0.745900095
488.0,0.746151686
489.0,0.746278822
490.0,0.746269643
491.0,0.74624896
492.0,0.746366799
493.0,0.746467829
494.0,0.746472001
495.0,0.746404529
496.0,0.746456623
497.0,0.746548235
498.0,0.746602476
499.0,0.746731699
500.0,0.746829689
501.0,0.746881127
502.0,0.746934533
503.0,0.747147143
504.0,0.747240841
505.0,0.747159362
506.0,0.747228384
507.0,0.747256577
508.0,0.74734354
509.0,0.747567058
510.0,0.747615695
511.0,0.747678876
512.0,0.747766793
513.0,0.747759104
514.0,0.7478531
515.0,0.747989237
516.0,0.748112202
517.0,0.748296559
518.0,0.748235762
519.0,0.748138726
520.0,0.748310268
521.0,0.748289406
522.0,0.748284101
523.0,0.748355389
524.0,0.748346806
525.0,0.748423636
526.0,0.748504221
527.0,0.748500466
528.0,0.74848336
529.0,0.748462141
530.0,0.748470485
531.0,0.748549223
532.0,0.748690128
533.0,0.748689413
534.0,0.748542249
535.0,0.748637617
536.0,0.748767018
537.0,0.748915911
538.0,0.749110937
539.0,0.749254942
540.0,0.749588668
541.0,0.750031054
542.0,0.750188529
543.0,0.750331759
544.0,0.750480711
545.0,0.750627637
546.0,0.75088495
547.0,0.750721455
548.0,0.750247896
549.0,0.749912441
550.0,0.749750018
551.0,0.749649405
552.0,0.749544382
553.0,0.749483645
554.0,0.749306202
555.0,0.749114513
556.0,0.749031544
557.0,0.748860538
558.0,0.748657346
559.0,0.748468876
560.0,0.748322845
561.0,0.748261571
562.0,0.7481668
563.0,0.747946739
564.0,0.747659564
565.0,0.747254431
566.0,0.746823788
567.0,0.74652195
568.0,0.74635011
569.0,0.746312201
570.0,0.746361554
571.0,0.746369302
572.0,0.746676803
573.0,0.747213423
574.0,0.747761071
575.0,0.748084545
576.0,0.748312593
577.0,0.748480916
578.0,0.748543143
579.0,0.748683989
580.0,0.748802066
581.0,0.748802245
582.0,0.748756886
583.0,0.748574793
584.0,0.748215437
585.0,0.747694314
586.0,0.74718833
587.0,0.746821105
588.0,0.746644378
589.0,0.746621966
590.0,0.746718585
591.0,0.746902227
592.0,0.747155607
593.0,0.747535586
594.0,0.747791231
595.0,0.747826457
596.0,0.747696459
597.0,0.747644186
598.0,0.747545242
599.0,0.74734199
600.0,0.747325122
601.0,0.747145653
602.0,0.746809304
603.0,0.746501982
604.0,0.746425152
605.0,0.746350586
606.0,0.746208429
607.0,0.746195078
608.0,0.746342242
609.0,0.746663868
610.0,0.747154713
611.0,0.747912705
612.0,0.748057961
613.0,0.747525036
614.0,0.746929109
615.0,0.746560276
616.0,0.746296048
617.0,0.746030569
618.0,0.745896816
619.0,0.745852113
620.0,0.745818019
621.0,0.745726526
622.0,0.745716631
623.0,0.745675862
624.0,0.745582342
625.0,0.745552659
626.0,0.745504081
627.0,0.745462298
628.0,0.74545759
629.0,0.745442212
630.0,0.745407045
631.0,0.745356262
632.0,0.74529773
633.0,0.745146036
634.0,0.745056748
635.0,0.745087624
636.0,0.745028436
637.0,0.744948387
638.0,0.744867682
639.0,0.744790494
640.0,0.744696259
641.0,0.744644821
642.0,0.744651258
643.0,0.744674265
644.0,0.744636893
645.0,0.744590938
646.0,0.744572401
647.0,0.744449198
648.0,0.744463801
649.0,0.744525433
650.0,0.744389296
651.0,0.744379163
652.0,0.744384646
653.0,0.744333982
654.0,0.744311273
655.0,0.744199812
656.0,0.744061947
657.0,0.744002342
658.0,0.744044065
659.0,0.744028568
660.0,0.743965149
661.0,0.744005322
662.0,0.743929148
663.0,0.74384284
664.0,0.743838727
665.0,0.743836939
666.0,0.743788779
667.0,0.743732452
668.0,0.743730605
669.0,0.743704557
670.0,0.743668079
671.0,0.743629515
672.0,0.743580937
673.0,0.743575335
674.0,0.743550718
675.0,0.743458927
676.0,0.743385494
677.0,0.743368983
678.0,0.743398428
679.0,0.743426263
680.0,0.743412018
681.0,0.743385673
682.0,0.743344605
683.0,0.743203223
684.0,0.743211091
685.0,0.74322921
686.0,0.743096948
687.0,0.743157446
688.0,0.743201494
689.0,0.743163049
690.0,0.743113041
691.0,0.74301821
692.0,0.742919505
693.0,0.742882669
694.0,0.743035257
695.0,0.743018866
696.0,0.742900431
697.0,0.742883503
698.0,0.742871225
699.0,0.742891967
700.0,0.742902696
701.0,0.742789626
702.0,0.742790997
703.0,0.742822826
704.0,0.74278301
705.0,0.742698491
706.0,0.742699921
707.0,0.742743611
708.0,0.742718935
709.0,0.742714465
710.0,0.742721021
711.0,0.742721081
712.0,0.742697597
713.0,0.742631078
714.0,0.742511153
715.0,0.742377102
716.0,0.74240911
717.0,0.742432475
718.0,0.742462397
719.0,0.742578685
720.0,0.742466569
721.0,0.742365897
722.0,0.74238956
723.0,0.742395699
724.0,0.742372811
725.0,0.742321789
726.0,0.742275476
727.0,0.742358744
728.0,0.742339849
729.0,0.742247224
730.0,0.742250621
731.0,0.742245376
732.0,0.742267251
733.0,0.742326975
734.0,0.742381871
735.0,0.742355525
736.0,0.742275357
737.0,0.742210269
738.0,0.742259562
739.0,0.742296159
740.0,0.742275715
741.0,0.742221951
742.0,0.742248595
743.0,0.742287278
744.0,0.742292464
745.0,0.742281556
746.0,0.742267489
747.0,0.742282271
748.0,0.742328763
749.0,0.742312431
750.0,0.742228985
751.0,0.742198467
752.0,0.742349863
753.0,0.742328525
754.0,0.742297411
755.0,0.742333293
756.0,0.742337763
757.0,0.742334545
758.0,0.742305338
759.0,0.742256463
760.0,0.742282271
761.0,0.742341399
762.0,0.742423832
763.0,0.742512941
764.0,0.742462993
765.0,0.742407858
766.0,0.742430508
767.0,0.742527902
768.0,0.742579997
769.0,0.742576361
770.0,0.742568552
771.0,0.742709398
772.0,0.742730081
773.0,0.742702544
774.0,0.74277693
775.0,0.742806375
776.0,0.742830753
777.0,0.742884934
778.0,0.742986083
779.0,0.743091881
780.0,0.743139386
781.0,0.74311763
782.0,0.743098259
783.0,0.743183017
784.0,0.743331075
785.0,0.743448734
786.0,0.743420959
787.0,0.743477345
788.0,0.74361527
789.0,0.743706048
790.0,0.743787587
791.0,0.743797004
792.0,0.743770242
793.0,0.743852317
794.0,0.743930817
795.0,0.744021893
796.0,0.744127452
797.0,0.744158864
798.0,0.744185507
799.0,0.744256556
800.0,0.744369626
801.0,0.744332612
802.0,0.744341433
803.0,0.744429767
804.0,0.744510055
805.0,0.744596422
806.0,0.744642258
807.0,0.744666934
808.0,0.744776547
809.0,0.744820178
810.0,0.744876742
811.0,0.744990826
812.0,0.744989097
813.0,0.744989693
814.0,0.745058239
815.0,0.745186508
816.0,0.74512279
817.0,0.745138526
818.0,0.745251954
819.0,0.745298207
820.0,0.745304883
821.0,0.745273709
822.0,0.745256603
823.0,0.745357752
824.0,0.745433569
825.0,0.745459616
826.0,0.745442808
827.0,0.745389283
828.0,0.74542594
829.0,0.745475709
830.0,0.745444238
831.0,0.745448589
832.0,0.745560527
833.0,0.745638549
834.0,0.745492816
835.0,0.745437503
836.0,0.745504737
837.0,0.745578527
838.0,0.745454013
839.0,0.745330989
840.0,0.745312095
841.0,0.745381713
842.0,0.745372832
843.0,0.745317519
844.0,0.745281041
845.0,0.745290637
846.0,0.745234132
847.0,0.745303333
848.0,0.745358169
849.0,0.745223582
850.0,0.745109141
851.0,0.745011687
852.0,0.745014548
853.0,0.745178461
854.0,0.745117724
855.0,0.745054603
856.0,0.745013475
857.0,0.744826376
858.0,0.74479562
859.0,0.744840264
860.0,0.744863987
861.0,0.74483794
862.0,0.74493593
863.0,0.745040655
864.0,0.745037973
865.0,0.744956672
866.0,0.744838834
867.0,0.744784176
868.0,0.744855344
869.0,0.744978786
870.0,0.745000958
871.0,0.744996905
872.0,0.745071054
873.0,0.744982839
874.0,0.744921446
875.0,0.744953811
876.0,0.745035887
877.0,0.74501127
878.0,0.744991243
879.0,0.745010972
880.0,0.745033801
881.0,0.745164871
882.0,0.745180964
883.0,0.745071888
884.0,0.745093048
885.0,0.745197713
886.0,0.745191336
887.0,0.745065928
888.0,0.745112002
889.0,0.745097876
890.0,0.745094538
891.0,0.745145261
892.0,0.745114803
893.0,0.745139122
894.0,0.745189428
895.0,0.745202541
896.0,0.745153844
897.0,0.745025337
898.0,0.744892657
899.0,0.744821787
900.0,0.744729102
901.0,0.744768441
902.0,0.744811594
903.0,0.744718373
904.0,0.744795561
905.0,0.74467963
906.0,0.744545996
907.0,0.744693995
908.0,0.744646966
909.0,0.744551897
910.0,0.744454622
911.0,0.74434936
912.0,0.744357288
913.0,0.744424462
914.0,0.744473517
915.0,0.744439662
916.0,0.744358897
917.0,0.744401991
918.0,0.744460523
919.0,0.744287014
920.0,0.744336784
921.0,0.744432032
922.0,0.744446814
923.0,0.744389176
924.0,0.744469702
925.0,0.744496524
926.0,0.744416773
927.0,0.744358122
928.0,0.744383156
929.0,0.744440317
930.0,0.744527102
931.0,0.744680464
932.0,0.74466157
933.0,0.744544685
934.0,0.744399428
935.0,0.744240224
936.0,0.74408263
937.0,0.744031966
938.0,0.744066954
939.0,0.744038045
940.0,0.744029224
941.0,0.744124711
942.0,0.74419862
943.0,0.74396342
944.0,0.743770421
945.0,0.743659854
946.0,0.743552387
947.0,0.743322253
948.0,0.743169129
949.0,0.743062556
950.0,0.74295181
951.0,0.742808461
952.0,0.742696762
953.0,0.742438495
954.0,0.742017388
955.0,0.741606653
956.0,0.74135989
957.0,0.74122858
958.0,0.741120458
959.0,0.74095571
960.0,0.740836501
961.0,0.7405743
962.0,0.740197539
963.0,0.739882886
964.0,0.739473939
965.0,0.739193678
966.0,0.739011884
967.0,0.738735735
968.0,0.738387764
969.0,0.738039732
970.0,0.737626672
971.0,0.737113416
972.0,0.736955643
973.0,0.736779451
974.0,0.736460745
975.0,0.736044347
976.0,0.73562187
977.0,0.735218048
978.0,0.734880149
979.0,0.734599292
980.0,0.734191775
981.0,0.733869314
982.0,0.733570695
983.0,0.733256221
984.0,0.733133972
985.0,0.732805073
986.0,0.732482791
987.0,0.732309878
988.0,0.732035697
989.0,0.731871605
990.0,0.731752634
991.0,0.731588423
992.0,0.731357455
993.0,0.731275499
994.0,0.731336892
995.0,0.731445551
996.0,0.731508076
997.0,0.731809139
998.0,0.731996953
999.0,0.732046306
1000.0,0.732193649
1001.0,0.731185317
1002.0,0.731561065
1003.0,0.731903553
1004.0,0.732264221
1005.0,0.732639909
1006.0,0.733022511
1007.0,0.733427465
1008.0,0.733897388
1009.0,0.734303713
1010.0,0.734732449
1011.0,0.735071242
1012.0,0.735319614
1013.0,0.735683262
1014.0,0.736121655
1015.0,0.736508489
1016.0,0.736891627
1017.0,0.737322509
1018.0,0.737703264
1019.0,0.738007605
1020.0,0.738375127
1021.0,0.738813519
1022.0,0.739163995
1023.0,0.739420295
1024.0,0.739774883
1025.0,0.740152538
1026.0,0.740535378
1027.0,0.740918875
1028.0,0.741298676
1029.0,0.741651893
1030.0,0.7419101
1031.0,0.742191434
1032.0,0.742526889
1033.0,0.742763221
1034.0,0.742917359
1035.0,0.743104279
1036.0,0.743221223
1037.0,0.743403554
1038.0,0.743637919
1039.0,0.743844926
1040.0,0.744081438
1041.0,0.74429065
1042.0,0.744462609
1043.0,0.744592607
1044.0,0.744727433
1045.0,0.744893432
1046.0,0.745080411
1047.0,0.745221138
1048.0,0.745309293
1049.0,0.745341957
1050.0,0.745413542
1051.0,0.745441794
1052.0,0.745482326
1053.0,0.745574534
1054.0,0.74559468
1055.0,0.745540321
1056.0,0.745578408
1057.0,0.745695412
1058.0,0.745708585
1059.0,0.74573797
1060.0,0.745791197
1061.0,0.74570632
1062.0,0.745684028
1063.0,0.74564755
1064.0,0.745567799
1065.0,0.745535553
1066.0,0.745540321
1067.0,0.745525539
1068.0,0.745516241
1069.0,0.745534599
1070.0,0.745551825
1071.0,0.745564342
1072.0,0.745516419
1073.0,0.745487273
1074.0,0.745429993
1075.0,0.745290816
1076.0,0.745230019
1077.0,0.745185196
1078.0,0.74510783
1079.0,0.745067298
1080.0,0.745023489
1081.0,0.744982183
1082.0,0.744921327
1083.0,0.744855046
1084.0,0.74480623
1085.0,0.74476558
1086.0,0.744717121
1087.0,0.744660378
1088.0,0.744609058
1089.0,0.744531453
1090.0,0.744409204
1091.0,0.744300723
1092.0,0.744208992
1093.0,0.744103611
1094.0,0.74401176
1095.0,0.743942678
1096.0,0.743866622
1097.0,0.74378866
1098.0,0.743685722
1099.0,0.743622899
1100.0,0.743584871
1101.0,0.743543208
1102.0,0.743499815
1103.0,0.743426144
1104.0,0.743312597
1105.0,0.743195236
1106.0,0.743050575
1107.0,0.742916346
1108.0,0.742811024
1109.0,0.742686987
1110.0,0.742587328
1111.0,0.742486
1112.0,0.742369711
1113.0,0.742272854
1114.0,0.7421754
1115.0,0.742071986
1116.0,0.741980016
1117.0,0.741931379
1118.0,0.741873145
1119.0,0.741763055
1120.0,0.741689622
1121.0,0.741583169
1122.0,0.74144721
1123.0,0.741367519
1124.0,0.741255283
1125.0,0.741164744
1126.0,0.741067469
1127.0,0.740939438
1128.0,0.740829468
1129.0,0.740650237
1130.0,0.740452826
1131.0,0.740291834
1132.0,0.740109682
1133.0,0.73991704
1134.0,0.739722431
1135.0,0.739501357
1136.0,0.739227116
1137.0,0.738933444
1138.0,0.738654852
1139.0,0.738399208
1140.0,0.738104224
1141.0,0.737740874
1142.0,0.737299025
1143.0,0.736788332
1144.0,0.736255109
1145.0,0.73567754
1146.0,0.7350353
1147.0,0.734351993
1148.0,0.733609676
1149.0,0.732807815
1150.0,0.731944859
1151.0,0.731065035
1152.0,0.730149269
1153.0,0.729158878
1154.0,0.728133559
1155.0,0.727089047
1156.0,0.725993514
1157.0,0.724850416
1158.0,0.7236498
1159.0,0.722431064
1160.0,0.721168101
1161.0,0.719833374
1162.0,0.71848315
1163.0,0.717075408
1164.0,0.715626478
1165.0,0.714183807
1166.0,0.712800682
1167.0,0.711422324
1168.0,0.71015656
1169.0,0.708959043
1170.0,0.707805932
1171.0,0.706742108
1172.0,0.705747604
1173.0,0.70477891
1174.0,0.703868687
1175.0,0.703053951
1176.0,0.702296138
1177.0,0.701654196
1178.0,0.701156378
1179.0,0.70073688
1180.0,0.700385392
1181.0,0.700093865
1182.0,0.699879169
1183.0,0.699732661
1184.0,0.699686408
1185.0,0.699645042
1186.0,0.699692428
1187.0,0.699689507
1188.0,0.699689507
1189.0,0.699689627
1190.0,0.699688613
1191.0,0.699684501
1192.0,0.699658036
1193.0,0.699601889
1194.0,0.699488044
1195.0,0.699355483
1196.0,0.699218929
1197.0,0.69906193
1198.0,0.698889732
1199.0,0.698680282
1200.0,0.698459506
1201.0,0.698263705
1202.0,0.69809413
1203.0,0.697917402
1204.0,0.697827101
1205.0,0.697741091
1206.0,0.697784305
1207.0,0.69788444
1208.0,0.698130786
1209.0,0.698527217
1210.0,0.698959649
1211.0,0.699461699
1212.0,0.700044513
1213.0,0.700632036
1214.0,0.701238811
1215.0,0.701839685
1216.0,0.702401102
1217.0,0.70290941
1218.0,0.703347802
1219.0,0.703739226
1220.0,0.704066098
1221.0,0.704340518
1222.0,0.70453155
1223.0,0.704711974
1224.0,0.704827189
1225.0,0.704966486
1226.0,0.705065072
1227.0,0.7051875
1228.0,0.705319643
1229.0,0.705467284
1230.0,0.705607593
1231.0,0.705783069
1232.0,0.7059955
1233.0,0.706250668
1234.0,0.706573904
1235.0,0.706925213
1236.0,0.707305729
1237.0,0.70770961
1238.0,0.70815146
1239.0,0.708641529
1240.0,0.709136069
1241.0,0.709685564
1242.0,0.710201621
1243.0,0.710719943
1244.0,0.711215556
1245.0,0.711715937
1246.0,0.712179899
1247.0,0.712628603
1248.0,0.713041663
1249.0,0.713425159
1250.0,0.713775218
1251.0,0.714088857
1252.0,0.714388609
1253.0,0.714629948
1254.0,0.714859426
1255.0,0.715079963
1256.0,0.715238929
1257.0,0.715367854
1258.0,0.715500295
1259.0,0.715587318
1260.0,0.715657115
1261.0,0.715770721
1262.0,0.715923667
1263.0,0.716023207
1264.0,0.716121614
1265.0,0.716217399
1266.0,0.716261029
1267.0,0.716351211
1268.0,0.71647507
1269.0,0.71659112
1270.0,0.716737747
1271.0,0.716848969
1272.0,0.716940045
1273.0,0.717036903
1274.0,0.717133582
1275.0,0.717184186
1276.0,0.717272282
1277.0,0.71736145
1278.0,0.717418671
1279.0,0.717458367
1280.0,0.717455328
1281.0,0.717441022
1282.0,0.717422247
1283.0,0.717390835
1284.0,0.717341602
1285.0,0.71730119
1286.0,0.717202127
1287.0,0.717042863
1288.0,0.71691364
1289.0,0.716764271
1290.0,0.71661824
1291.0,0.716510117
1292.0,0.716345489
1293.0,0.716153741
1294.0,0.715934098
1295.0,0.715662122
1296.0,0.715408385
1297.0,0.715141177
1298.0,0.714870989
1299.0,0.71463269
1300.0,0.71437645
1301.0,0.714094937
1302.0,0.713826358
1303.0,0.713537455
1304.0,0.713214278
1305.0,0.71288693
1306.0,0.712551355
1307.0,0.712193668
1308.0,0.71181953
1309.0,0.711439133
1310.0,0.711045027
1311.0,0.710636556
1312.0,0.710239708
1313.0,0.709779501
1314.0,0.709281325
1315.0,0.708769619
1316.0,0.708218873
1317.0,0.707654476
1318.0,0.707060516
1319.0,0.706480145
1320.0,0.705893517
1321.0,0.705289125
1322.0,0.704675019
1323.0,0.704076111
1324.0,0.703463733
1325.0,0.702825129
1326.0,0.702152908
1327.0,0.701489985
1328.0,0.700805008
1329.0,0.700086832
1330.0,0.699357629
1331.0,0.698633254
1332.0,0.697871685
1333.0,0.69707936
1334.0,0.696260631
1335.0,0.695428073
1336.0,0.694566309
1337.0,0.69367367
1338.0,0.692746639
1339.0,0.691802919
1340.0,0.690816462
1341.0,0.689783394
1342.0,0.688730061
1343.0,0.68765223
1344.0,0.686540306
1345.0,0.685396612
1346.0,0.684226155
1347.0,0.68300873
1348.0,0.681793272
1349.0,0.680562079
1350.0,0.679307878
1351.0,0.678046465
1352.0,0.676782131
1353.0,0.675522387
1354.0,0.674275994
1355.0,0.673054159
1356.0,0.67183727
1357.0,0.670687914
1358.0,0.669566035
1359.0,0.668491423
1360.0,0.667464256
1361.0,0.666495264
1362.0,0.665564299
1363.0,0.664683938
1364.0,0.663879812
1365.0,0.663089156
1366.0,0.662349939
1367.0,0.661606491
1368.0,0.660899162
1369.0,0.660181999
1370.0,0.659465134
1371.0,0.658749104
1372.0,0.658050239
1373.0,0.657331824
1374.0,0.656631172
1375.0,0.655874372
1376.0,0.655056
1377.0,0.654257298
1378.0,0.653396845
1379.0,0.652585089
1380.0,0.651787639
1381.0,0.651019931
1382.0,0.650338411
1383.0,0.649689138
1384.0,0.649082422
1385.0,0.648581624
1386.0,0.647988558
1387.0,0.647428215
1388.0,0.646739602
1389.0,0.646011531
1390.0,0.645171583
1391.0,0.644259393
1392.0,0.643222928
1393.0,0.642096043
1394.0,0.640851021
1395.0,0.639518142
1396.0,0.638011038
1397.0,0.636368334
1398.0,0.634611905
1399.0,0.632714868
1400.0,0.630684555
1401.0,0.628525794
1402.0,0.626273334
1403.0,0.623876691
1404.0,0.621388912
1405.0,0.618817091
1406.0,0.616137266
1407.0,0.613360703
1408.0,0.610452592
1409.0,0.607415676
1410.0,0.604303241
1411.0,0.601077437
1412.0,0.597747207
1413.0,0.594327092
1414.0,0.590842068
1415.0,0.587352335
1416.0,0.583778381
1417.0,0.580209613
1418.0,0.576613128
1419.0,0.57306993
1420.0,0.569475174
1421.0,0.565983057
1422.0,0.562529564
1423.0,0.559192479
1424.0,0.555922508
1425.0,0.5527035
1426.0,0.549654305
1427.0,0.546480894
1428.0,0.543401539
1429.0,0.540046096
1430.0,0.536646068
1431.0,0.532971323
1432.0,0.529115796
1433.0,0.524982214
1434.0,0.520561516
1435.0,0.516036034
1436.0,0.511153162
1437.0,0.506359935
1438.0,0.501267016
1439.0,0.496579558
1440.0,0.491733998
1441.0,0.487551033
1442.0,0.483516425
1443.0,0.480359316
1444.0,0.477654994
1445.0,0.475874066
1446.0,0.474980384
1447.0,0.474773198
1448.0,0.475426167
1449.0,0.47674349
1450.0,0.478707075
1451.0,0.481083632
1452.0,0.483613193
1453.0,0.486668795
1454.0,0.489491224
1455.0,0.4925358
1456.0,0.495259076
1457.0,0.497956574
1458.0,0.500418425
1459.0,0.502714038
1460.0,0.504818976
1461.0,0.506758273
1462.0,0.508538127
1463.0,0.510094345
1464.0,0.511576653
1465.0,0.512910962
1466.0,0.514171481
1467.0,0.515296757
1468.0,0.516369224
1469.0,0.517337322
1470.0,0.518281579
1471.0,0.51916033
1472.0,0.519985735
1473.0,0.520809531
1474.0,0.521485925
1475.0,0.522113562
1476.0,0.522551835
1477.0,0.52288276
1478.0,0.523009837
1479.0,0.522942245
1480.0,0.522742927
1481.0,0.522317886
1482.0,0.521849215
1483.0,0.52116102
1484.0,0.520570874
1485.0,0.519817054
1486.0,0.519312918
1487.0,0.51881355
1488.0,0.518628955
1489.0,0.518596351
1490.0,0.518907905
1491.0,0.519536018
1492.0,0.520411491
1493.0,0.521620691
1494.0,0.523039043
1495.0,0.524741054
1496.0,0.526630163
1497.0,0.528678238
1498.0,0.530842364
1499.0,0.533099353
1500.0,0.535358191
1501.0,0.537554681
1502.0,0.539813459
1503.0,0.541911185
1504.0,0.54394722
1505.0,0.545811176
1506.0,0.547599077
1507.0,0.549190581
1508.0,0.550604463
1509.0,0.551884532
1510.0,0.553014219
1511.0,0.554027319
1512.0,0.554880977
1513.0,0.55563575
1514.0,0.556269646
1515.0,0.556798816
1516.0,0.557179987
1517.0,0.557518482
1518.0,0.557767987
1519.0,0.557940423
1520.0,0.558012366
1521.0,0.558062136
1522.0,0.558035791
1523.0,0.557978034
1524.0,0.557896137
1525.0,0.557745516
1526.0,0.557506621
1527.0,0.557277203
1528.0,0.556994677
1529.0,0.556731761
1530.0,0.556442142
1531.0,0.556197762
1532.0,0.55592525
1533.0,0.555758238
1534.0,0.555613041
1535.0,0.555598319
1536.0,0.555655181
1537.0,0.555848956
1538.0,0.556144536
1539.0,0.556587279
1540.0,0.55715394
1541.0,0.557868123
1542.0,0.558733046
1543.0,0.559721589
1544.0,0.560876548
1545.0,0.562110841
1546.0,0.563478529
1547.0,0.56491816
1548.0,0.566505253
1549.0,0.568073034
1550.0,0.569710493
1551.0,0.571352839
1552.0,0.573027432
1553.0,0.574671924
1554.0,0.576324701
1555.0,0.57797718
1556.0,0.579623699
1557.0,0.581237018
1558.0,0.582872331
1559.0,0.584450185
1560.0,0.585984707
1561.0,0.587469101
1562.0,0.588908255
1563.0,0.590313375
1564.0,0.591675401
1565.0,0.592976034
1566.0,0.5942716
1567.0,0.595532656
1568.0,0.596744299
1569.0,0.59795475
1570.0,0.59911412
1571.0,0.600257039
1572.0,0.601388276
1573.0,0.602468967
1574.0,0.603565395
1575.0,0.604634702
1576.0,0.605663538
1577.0,0.606703222
1578.0,0.607718706
1579.0,0.608708262
1580.0,0.609690666
1581.0,0.610649407
1582.0,0.611583889
1583.0,0.612511575
1584.0,0.613461733
1585.0,0.614422679
1586.0,0.615323544
1587.0,0.616234839
1588.0,0.617191017
1589.0,0.618128955
1590.0,0.619130075
1591.0,0.620174646
1592.0,0.621195853
1593.0,0.622217357
1594.0,0.623204768
1595.0,0.624173343
1596.0,0.625145555
1597.0,0.626107812
1598.0,0.627083302
1599.0,0.628056228
1600.0,0.629041433
1601.0,0.630025744
1602.0,0.630990505
1603.0,0.631996751
1604.0,0.632972002
1605.0,0.633882225
1606.0,0.634797215
1607.0,0.635695994
1608.0,0.63656795
1609.0,0.637465179
1610.0,0.638378799
1611.0,0.639299214
1612.0,0.640228152
1613.0,0.641101003
1614.0,0.641981065
1615.0,0.642855585
1616.0,0.643691599
1617.0,0.644541562
1618.0,0.645301878
1619.0,0.646029472
1620.0,0.646749079
1621.0,0.647421181
1622.0,0.648143828
1623.0,0.648860574
1624.0,0.64955169
1625.0,0.650283694
1626.0,0.650973976
1627.0,0.651669502
1628.0,0.652419031
1629.0,0.653141797
1630.0,0.653911352
1631.0,0.654696047
1632.0,0.655471146
1633.0,0.656262457
1634.0,0.657019675
1635.0,0.657781541
1636.0,0.658516645
1637.0,0.659209728
1638.0,0.659889162
1639.0,0.660548091
1640.0,0.661189973
1641.0,0.661797106
1642.0,0.662401199
1643.0,0.66300714
1644.0,0.66360116
1645.0,0.66422087
1646.0,0.664836109
1647.0,0.665389538
1648.0,0.665884912
1649.0,0.666342139
1650.0,0.666764379
1651.0,0.667187929
1652.0,0.667647362
1653.0,0.668116271
1654.0,0.66856277
1655.0,0.669002891
1656.0,0.669413388
1657.0,0.669767261
1658.0,0.670089722
1659.0,0.670383215
1660.0,0.670657933
1661.0,0.670910776
1662.0,0.671172202
1663.0,0.671453476
1664.0,0.671702147
1665.0,0.671933711
1666.0,0.672125101
1667.0,0.672234714
1668.0,0.672325134
1669.0,0.672409773
1670.0,0.672492027
1671.0,0.672584891
1672.0,0.672635555
1673.0,0.672644854
1674.0,0.672591209
1675.0,0.672493875
1676.0,0.672405899
1677.0,0.672280788
1678.0,0.672137201
1679.0,0.671976149
1680.0,0.671741426
1681.0,0.671489358
1682.0,0.671206295
1683.0,0.670868158
1684.0,0.670538366
1685.0,0.670184374
1686.0,0.669811904
1687.0,0.669450343
1688.0,0.669035792
1689.0,0.668543816
1690.0,0.66803205
1691.0,0.667453587
1692.0,0.666852236
1693.0,0.666144848
1694.0,0.665344059
1695.0,0.664479375
1696.0,0.663533449
1697.0,0.662509501
1698.0,0.661430895
1699.0,0.660241008
1700.0,0.658947587
1701.0,0.657569587
1702.0,0.656103075
1703.0,0.654538453
1704.0,0.652857363
1705.0,0.651142001
1706.0,0.649345577
1707.0,0.647478878
1708.0,0.645556927
1709.0,0.643567741
1710.0,0.641504109
1711.0,0.639352441
1712.0,0.637103319
1713.0,0.634841383
1714.0,0.632518232
1715.0,0.630139828
1716.0,0.627718925
1717.0,0.625283539
1718.0,0.622783422
1719.0,0.62024641
1720.0,0.617695153
1721.0,0.615089715
1722.0,0.612431884
1723.0,0.609738827
1724.0,0.607122779
1725.0,0.60448426
1726.0,0.601792514
1727.0,0.599140763
1728.0,0.596462727
1729.0,0.593823433
1730.0,0.591245294
1731.0,0.588678241
1732.0,0.586170733
1733.0,0.583683908
1734.0,0.58124131
1735.0,0.5788908
1736.0,0.576620936
1737.0,0.574466407
1738.0,0.572403491
1739.0,0.570408463
1740.0,0.568550408
1741.0,0.566826165
1742.0,0.565195143
1743.0,0.563765943
1744.0,0.56254822
1745.0,0.561501622
1746.0,0.560711384
1747.0,0.560154974
1748.0,0.559804261
1749.0,0.559657276
1750.0,0.559719443
1751.0,0.560037255
1752.0,0.560516
1753.0,0.561162055
1754.0,0.561925948
1755.0,0.562795818
1756.0,0.563717723
1757.0,0.564779341
1758.0,0.565827489
1759.0,0.566952884
1760.0,0.568015575
1761.0,0.569088399
1762.0,0.57008183
1763.0,0.571039498
1764.0,0.571912885
1765.0,0.572719991
1766.0,0.573432028
1767.0,0.574055433
1768.0,0.574642122
1769.0,0.575169027
1770.0,0.575661659
1771.0,0.576170504
1772.0,0.576687217
1773.0,0.577204585
1774.0,0.577745616
1775.0,0.578327179
1776.0,0.578924
1777.0,0.579549074
1778.0,0.580258727
1779.0,0.581047952
1780.0,0.581873655
1781.0,0.582818091
1782.0,0.583871305
1783.0,0.585003197
1784.0,0.586268365
1785.0,0.587589085
1786.0,0.58903718
1787.0,0.590519965
1788.0,0.591991067
1789.0,0.593564928
1790.0,0.595069647
1791.0,0.596514463
1792.0,0.597946227
1793.0,0.599303186
1794.0,0.600622594
1795.0,0.601867437
1796.0,0.603048384
1797.0,0.604221642
1798.0,0.605318427
1799.0,0.606414497
1800.0,0.607518911
1801.0,0.603114963
1802.0,0.60433048
1803.0,0.605401456
1804.0,0.606384754
1805.0,0.607290149
1806.0,0.608147323
1807.0,0.608912766
1808.0,0.609608352
1809.0,0.610176623
1810.0,0.61071825
1811.0,0.611174464
1812.0,0.611638546
1813.0,0.61203593
1814.0,0.612453759
1815.0,0.612898588
1816.0,0.613268852
1817.0,0.613595605
1818.0,0.613908291
1819.0,0.614192247
1820.0,0.614416063
1821.0,0.614674866
1822.0,0.614952385
1823.0,0.615178585
1824.0,0.615433455
1825.0,0.615581095
1826.0,0.615677178
1827.0,0.6157161
1828.0,0.615701795
1829.0,0.615611255
1830.0,0.615466714
1831.0,0.61525929
1832.0,0.615020454
1833.0,0.614689589
1834.0,0.614385307
1835.0,0.614045203
1836.0,0.613718748
1837.0,0.613413453
1838.0,0.613067329
1839.0,0.612703979
1840.0,0.612354279
1841.0,0.611925602
1842.0,0.611485481
1843.0,0.61093533
1844.0,0.610325336
1845.0,0.609650135
1846.0,0.60892576
1847.0,0.608086646
1848.0,0.607189059
1849.0,0.60621345
1850.0,0.60505265
1851.0,0.603761256
1852.0,0.602338612
1853.0,0.600756645
1854.0,0.599083662
1855.0,0.59732765
1856.0,0.595402181
1857.0,0.593340397
1858.0,0.591153264
1859.0,0.588880181
1860.0,0.58644706
1861.0,0.583818913
1862.0,0.581070423
1863.0,0.578119874
1864.0,0.574945748
1865.0,0.57160455
1866.0,0.568006396
1867.0,0.564365685
1868.0,0.560547471
1869.0,0.556593835
1870.0,0.552623093
1871.0,0.548615813
1872.0,0.544611216
1873.0,0.540607691
1874.0,0.53654182
1875.0,0.532530487
1876.0,0.52842176
1877.0,0.524282515
1878.0,0.520050049
1879.0,0.515689611
1880.0,0.511228502
1881.0,0.506603241
1882.0,0.501897514
1883.0,0.497135639
1884.0,0.492240876
1885.0,0.487382919
1886.0,0.482436806
1887.0,0.477492064
1888.0,0.472524166
1889.0,0.467566967
1890.0,0.462614238
1891.0,0.457651496
1892.0,0.452670813
1893.0,0.447689027
1894.0,0.442674428
1895.0,0.437616229
1896.0,0.432513297
1897.0,0.42736122
1898.0,0.422198504
1899.0,0.417054325
1900.0,0.411903381
1901.0,0.406751543
1902.0,0.401642382
1903.0,0.396561712
1904.0,0.391482532
1905.0,0.386412442
1906.0,0.381404161
1907.0,0.376402825
1908.0,0.37141943
1909.0,0.366426796
1910.0,0.361396134
1911.0,0.35643959
1912.0,0.351473719
1913.0,0.346412778
1914.0,0.341339558
1915.0,0.336201221
1916.0,0.330982864
1917.0,0.325676143
1918.0,0.320273012
1919.0,0.314787209
1920.0,0.309276998
1921.0,0.303676158
1922.0,0.298009306
1923.0,0.292298764
1924.0,0.286513716
1925.0,0.280691773
1926.0,0.274889618
1927.0,0.269146234
1928.0,0.263326585
1929.0,0.25784111
1930.0,0.252437472
1931.0,0.247224256
1932.0,0.242386922
1933.0,0.237840801
1934.0,0.233695164
1935.0,0.229986966
1936.0,0.226755917
1937.0,0.224025264
1938.0,0.221820235
1939.0,0.220069617
1940.0,0.218809843
1941.0,0.21806325
1942.0,0.217794776
1943.0,0.217945963
1944.0,0.218545988
1945.0,0.219592303
1946.0,0.221084505
1947.0,0.222981513
1948.0,0.225340351
1949.0,0.228222027
1950.0,0.231544703
1951.0,0.235225126
1952.0,0.239392966
1953.0,0.243845314
1954.0,0.248601928
1955.0,0.253415734
1956.0,0.258251369
1957.0,0.263034284
1958.0,0.267541438
1959.0,0.271792024
1960.0,0.275602579
1961.0,0.279027253
1962.0,0.281928241
1963.0,0.284459293
1964.0,0.286543101
1965.0,0.28824088
1966.0,0.289656818
1967.0,0.290828049
1968.0,0.291852444
1969.0,0.292844594
1970.0,0.293808609
1971.0,0.294850171
1972.0,0.295942426
1973.0,0.2971524
1974.0,0.298488259
1975.0,0.299947739
1976.0,0.301523298
1977.0,0.303227425
1978.0,0.305005372
1979.0,0.306890666
1980.0,0.308866769
1981.0,0.31092906
1982.0,0.313107282
1983.0,0.315432936
1984.0,0.317884266
1985.0,0.320563734
1986.0,0.323452055
1987.0,0.326645344
1988.0,0.330086589
1989.0,0.333890498
1990.0,0.337972045
1991.0,0.342416435
1992.0,0.347236186
1993.0,0.352374136
1994.0,0.357783556
1995.0,0.363427073
1996.0,0.369211942
1997.0,0.375162035
1998.0,0.381082565
1999.0,0.386932522
2000.0,0.39267695
2001.0,0.39839974
2002.0,0.403895736
2003.0,0.409296125
2004.0,0.414479673
2005.0,0.419425696
2006.0,0.424129516
2007.0,0.428551227
2008.0,0.432752758
2009.0,0.436779499
2010.0,0.440575093
2011.0,0.44420138
2012.0,0.447594017
2013.0,0.450863153
2014.0,0.453945637
2015.0,0.45691973
2016.0,0.45970723
2017.0,0.462443441
2018.0,0.46507135
2019.0,0.467552066
2020.0,0.469975412
2021.0,0.472302109
2022.0,0.474494189
2023.0,0.476613283
2024.0,0.478642941
2025.0,0.480534106
2026.0,0.482381552
2027.0,0.484152466
2028.0,0.485872835
2029.0,0.48751691
2030.0,0.489118606
2031.0,0.49063772
2032.0,0.492133528
2033.0,0.493498921
2034.0,0.494766474
2035.0,0.496022642
2036.0,0.497192025
2037.0,0.49835375
2038.0,0.499498546
2039.0,0.500581622
2040.0,0.501610518
2041.0,0.502616167
2042.0,0.503584385
2043.0,0.5045169
2044.0,0.505419612
2045.0,0.506290615
2046.0,0.507129669
2047.0,0.507818103
2048.0,0.508450747
2049.0,0.50905019
2050.0,0.509527147
2051.0,0.509924591
2052.0,0.510279119
2053.0,0.510562479
2054.0,0.510798812
2055.0,0.510995269
2056.0,0.511110306
2057.0,0.511149287
2058.0,0.511122525
2059.0,0.511096835
2060.0,0.51108247
2061.0,0.511097431
2062.0,0.511114419
2063.0,0.5110991
2064.0,0.511100888
2065.0,0.511151075
2066.0,0.511239707
2067.0,0.51135385
2068.0,0.511521041
2069.0,0.511669576
2070.0,0.511869013
2071.0,0.511991858
2072.0,0.51208204
2073.0,0.51215744
2074.0,0.512232721
2075.0,0.512249053
2076.0,0.512278557
2077.0,0.512323678
2078.0,0.512291491
2079.0,0.51223278
2080.0,0.512140512
2081.0,0.512027621
2082.0,0.511847079
2083.0,0.511623681
2084.0,0.511349082
2085.0,0.511014044
2086.0,0.510644853
2087.0,0.510211289
2088.0,0.509761214
2089.0,0.509287119
2090.0,0.508776784
2091.0,0.508181512
2092.0,0.507585883
2093.0,0.506956279
2094.0,0.506253481
2095.0,0.505540192
2096.0,0.504801393
2097.0,0.504052937
2098.0,0.503282368
2099.0,0.50247699
2100.0,0.501604915
2101.0,0.500805438
2102.0,0.500019491
2103.0,0.499214947
2104.0,0.498437107
2105.0,0.497675031
2106.0,0.496871918
2107.0,0.496055365
2108.0,0.495245278
2109.0,0.494482845
2110.0,0.493734986
2111.0,0.492942601
2112.0,0.492182642
2113.0,0.491451919
2114.0,0.490706652
2115.0,0.489943087
2116.0,0.489224374
2117.0,0.488490105
2118.0,0.487838209
2119.0,0.487276524
2120.0,0.486679524
2121.0,0.486120462
2122.0,0.48556456
2123.0,0.484925508
2124.0,0.484294325
2125.0,0.483722299
2126.0,0.48312071
2127.0,0.482590407
2128.0,0.482079118
2129.0,0.481554717
2130.0,0.481067508
2131.0,0.480509669
2132.0,0.479908377
2133.0,0.479319572
2134.0,0.478685021
2135.0,0.478063494
2136.0,0.477501184
2137.0,0.476863474
2138.0,0.476204574
2139.0,0.475465417
2140.0,0.474706411
2141.0,0.47394529
2142.0,0.473167747
2143.0,0.472388089
2144.0,0.471580446
2145.0,0.470728129
2146.0,0.469877958
2147.0,0.469006062
2148.0,0.468123674
2149.0,0.467224866
2150.0,0.466331095
2151.0,0.465429991
2152.0,0.464509577
2153.0,0.463613063
2154.0,0.462660879
2155.0,0.461652845
2156.0,0.460645288
2157.0,0.459619015
2158.0,0.458566487
2159.0,0.457515001
2160.0,0.456452012
2161.0,0.455374599
2162.0,0.454292655
2163.0,0.453214586
2164.0,0.452179044
2165.0,0.451187253
2166.0,0.450240284
2167.0,0.449302793
2168.0,0.448393434
2169.0,0.44751662
2170.0,0.446630687
2171.0,0.445838779
2172.0,0.445125341
2173.0,0.444430023
2174.0,0.443782747
2175.0,0.443183929
2176.0,0.442600906
2177.0,0.442081928
2178.0,0.441703856
2179.0,0.441328615
2180.0,0.440987498
2181.0,0.440674633
2182.0,0.440327853
2183.0,0.439977229
2184.0,0.439593256
2185.0,0.43920809
2186.0,0.438789576
2187.0,0.438337892
2188.0,0.437847167
2189.0,0.437326849
2190.0,0.436776966
2191.0,0.436153322
2192.0,0.435580045
2193.0,0.435055286
2194.0,0.434449703
2195.0,0.433838755
2196.0,0.433167636
2197.0,0.432431072
2198.0,0.431634754
2199.0,0.430840522
2200.0,0.430007637
2201.0,0.429133862
2202.0,0.428252876
2203.0,0.427339822
2204.0,0.426408023
2205.0,0.425487399
2206.0,0.424540043
2207.0,0.423642188
2208.0,0.422741771
2209.0,0.421907753
2210.0,0.421077132
2211.0,0.420357049
2212.0,0.419665188
2213.0,0.419142812
2214.0,0.418670475
2215.0,0.418444902
2216.0,0.418388635
2217.0,0.41852361
2218.0,0.41884312
2219.0,0.419391811
2220.0,0.420181096
2221.0,0.421108305
2222.0,0.422177851
2223.0,0.423454046
2224.0,0.424834639
2225.0,0.42628327
2226.0,0.427831948
2227.0,0.429347187
2228.0,0.430795968
2229.0,0.432183743
2230.0,0.433522403
2231.0,0.434863061
2232.0,0.43606624
2233.0,0.437195092
2234.0,0.438187271
2235.0,0.439051747
2236.0,0.439829469
2237.0,0.440468758
2238.0,0.441068023
2239.0,0.44156453
2240.0,0.442045748
2241.0,0.442475885
2242.0,0.442864925
2243.0,0.443229347
2244.0,0.443510532
2245.0,0.443726063
2246.0,0.443862617
2247.0,0.443949968
2248.0,0.444034576
2249.0,0.4440988
2250.0,0.444059163
2251.0,0.443949342
2252.0,0.443779111
2253.0,0.443481892
2254.0,0.443145603
2255.0,0.442838162
2256.0,0.442467809
2257.0,0.442067444
2258.0,0.441654891
2259.0,0.441221982
2260.0,0.440677613
2261.0,0.440244466
2262.0,0.439806968
2263.0,0.439479053
2264.0,0.439228624
2265.0,0.439054221
2266.0,0.438892901
2267.0,0.438934416
2268.0,0.439047694
2269.0,0.439383179
2270.0,0.439962566
2271.0,0.440657467
2272.0,0.441530675
2273.0,0.442515165
2274.0,0.443639576
2275.0,0.444818139
2276.0,0.446029663
2277.0,0.447327346
2278.0,0.448601544
2279.0,0.449835509
2280.0,0.451096833
2281.0,0.452314466
2282.0,0.453504741
2283.0,0.454613507
2284.0,0.45564267
2285.0,0.456618428
2286.0,0.457536399
2287.0,0.458403885
2288.0,0.459171236
2289.0,0.459882498
2290.0,0.460554481
2291.0,0.461125135
2292.0,0.461691171
2293.0,0.462232649
2294.0,0.462755829
2295.0,0.463227153
2296.0,0.463710457
2297.0,0.464218736
2298.0,0.464651376
2299.0,0.465041429
2300.0,0.465390086
2301.0,0.465679675
2302.0,0.465959519
2303.0,0.466186613
2304.0,0.466448218
2305.0,0.466712445
2306.0,0.466944456
2307.0,0.467198551
2308.0,0.467380881
2309.0,0.467506319
2310.0,0.467676252
2311.0,0.467781872
2312.0,0.467831433
2313.0,0.467862874
2314.0,0.467862874
2315.0,0.467857599
2316.0,0.467866093
2317.0,0.467905521
2318.0,0.467963129
2319.0,0.468091428
2320.0,0.46823892
2321.0,0.468334526
2322.0,0.46844843
2323.0,0.46852538
2324.0,0.468508065
2325.0,0.468406856
2326.0,0.468232691
2327.0,0.467982858
2328.0,0.467715174
2329.0,0.4674927
2330.0,0.467278242
2331.0,0.467022657
2332.0,0.466675609
2333.0,0.46628961
2334.0,0.465839684
2335.0,0.465351045
2336.0,0.464826703
2337.0,0.46425125
2338.0,0.463624626
2339.0,0.462926835
2340.0,0.462140083
2341.0,0.461348683
2342.0,0.460477382
2343.0,0.459648192
2344.0,0.458823472
2345.0,0.458003879
2346.0,0.457226247
2347.0,0.456358522
2348.0,0.455486327
2349.0,0.454502672
2350.0,0.453441918
2351.0,0.452308536
2352.0,0.45106858
2353.0,0.449814558
2354.0,0.448471695
2355.0,0.447130054
2356.0,0.44584313
2357.0,0.444514841
2358.0,0.44312042
2359.0,0.441678017
2360.0,0.440163434
2361.0,0.438466519
2362.0,0.436788499
2363.0,0.434983552
2364.0,0.432996303
2365.0,0.431127667
2366.0,0.429234862
2367.0,0.427374423
2368.0,0.425547928
2369.0,0.423634857
2370.0,0.421635956
2371.0,0.419504732
2372.0,0.417288661
2373.0,0.415030003
2374.0,0.412743777
2375.0,0.410412729
2376.0,0.408080459
2377.0,0.405699074
2378.0,0.403231531
2379.0,0.400782853
2380.0,0.398342878
2381.0,0.395860702
2382.0,0.393254906
2383.0,0.390552163
2384.0,0.387775511
2385.0,0.384885103
2386.0,0.382042855
2387.0,0.379202068
2388.0,0.376343757
2389.0,0.373565972
2390.0,0.370643854
2391.0,0.367631406
2392.0,0.364667088
2393.0,0.361545622
2394.0,0.358420819
2395.0,0.355356127
2396.0,0.352096111
2397.0,0.348883122
2398.0,0.34588635
2399.0,0.342910767
2400.0,0.340142965
2401.0,0.337591231
2402.0,0.334908098
2403.0,0.332191467
2404.0,0.329508334
2405.0,0.326723903
2406.0,0.323997557
2407.0,0.321447551
2408.0,0.319015026
2409.0,0.316683382
2410.0,0.314577103
2411.0,0.312544256
2412.0,0.310523123
2413.0,0.308727741
2414.0,0.306941569
2415.0,0.305263549
2416.0,0.303756863
2417.0,0.302280217
2418.0,0.300915927
2419.0,0.299616814
2420.0,0.298482716
2421.0,0.297438323
2422.0,0.296472728
2423.0,0.295705795
2424.0,0.294846803
2425.0,0.29398039
2426.0,0.293180227
2427.0,0.292235374
2428.0,0.291483819
2429.0,0.290901005
2430.0,0.290135682
2431.0,0.289478898
2432.0,0.288942575
2433.0,0.288248658
2434.0,0.287748516
2435.0,0.287475407
2436.0,0.287178099
2437.0,0.287057847
2438.0,0.286959976
2439.0,0.28678453
2440.0,0.286596954
2441.0,0.286237866
2442.0,0.285889506
2443.0,0.285693467
2444.0,0.285518229
2445.0,0.285380065
2446.0,0.285397917
2447.0,0.285368413
2448.0,0.285250574
2449.0,0.285216808
2450.0,0.285218745
2451.0,0.285258085
2452.0,0.285153568
2453.0,0.285009295
2454.0,0.284969598
2455.0,0.284616977
2456.0,0.284082681
2457.0,0.283621758
2458.0,0.282827735
2459.0,0.28194195
2460.0,0.281425565
2461.0,0.280805081
2462.0,0.280118048
2463.0,0.279655337
2464.0,0.279018909
2465.0,0.278242022
2466.0,0.277490169
2467.0,0.276573777
2468.0,0.275655746
2469.0,0.274889261
2470.0,0.274167448
2471.0,0.273455381
2472.0,0.272710204
2473.0,0.271997422
2474.0,0.271479607
2475.0,0.271038026
2476.0,0.270537823
2477.0,0.270210177
2478.0,0.269838154
2479.0,0.269260257
2480.0,0.268882394
2481.0,0.26841256
2482.0,0.267810762
2483.0,0.267721891
2484.0,0.267766297
2485.0,0.267724961
2486.0,0.267824501
2487.0,0.267663181
2488.0,0.26743719
2489.0,0.267408192
2490.0,0.267418683
2491.0,0.267656684
2492.0,0.26798892
2493.0,0.268263161
2494.0,0.268591911
2495.0,0.268741816
2496.0,0.269108176
2497.0,0.269751787
2498.0,0.270214468
2499.0,0.270632565
2500.0,0.27077505
